product_id,warehouse_id,safety_stock_days,reorder_point_units,target_stock_units
SKU0001,WH01,5,104,219
SKU0002,WH01,10,918,1590
SKU0003,WH01,10,260,451
SKU0004,WH01,10,33,57
SKU0005,WH01,3,6,12
SKU0006,WH01,14,378,597
SKU0007,WH01,5,95,198
SKU0008,WH01,7,345,661
SKU0009,WH01,5,47,98
SKU0010,WH01,5,141,296
SKU0011,WH01,7,265,507
SKU0012,WH01,5,69,145
SKU0013,WH01,7,85,162
SKU0014,WH01,10,158,274
SKU0015,WH01,10,252,436
SKU0016,WH01,10,153,264
SKU0017,WH01,7,297,569
SKU0018,WH01,5,68,143
SKU0019,WH01,10,47,81
SKU0020,WH01,3,488,1158
SKU0021,WH01,5,60,126
SKU0022,WH01,3,50,118
SKU0023,WH01,10,146,252
SKU0024,WH01,7,132,252
SKU0025,WH01,10,109,189
SKU0026,WH01,7,122,233
SKU0027,WH01,7,120,229
SKU0028,WH01,7,145,277
SKU0029,WH01,3,10,24
SKU0030,WH01,7,671,1286
SKU0031,WH01,7,109,208
SKU0032,WH01,7,209,399
SKU0033,WH01,3,24,57
SKU0034,WH01,10,101,175
SKU0035,WH01,7,163,130
SKU0036,WH01,3,309,734
SKU0037,WH01,5,61,128
SKU0038,WH01,7,245,468
SKU0039,WH01,7,69,132
SKU0040,WH01,10,103,178
SKU0041,WH01,5,83,174
SKU0042,WH01,10,490,849
SKU0043,WH01,5,19,40
SKU0044,WH01,7,38,73
SKU0045,WH01,10,27,47
SKU0046,WH01,7,47,89
SKU0047,WH01,3,40,95
SKU0048,WH01,7,29,56
SKU0049,WH01,14,101,160
SKU0050,WH01,14,32,51
SKU0051,WH01,5,42,87
SKU0052,WH01,10,455,788
SKU0053,WH01,7,178,341
SKU0054,WH01,5,122,256
SKU0055,WH01,10,63,109
SKU0056,WH01,7,31,60
SKU0057,WH01,7,45,85
SKU0058,WH01,10,149,258
SKU0059,WH01,7,270,517
SKU0060,WH01,10,348,603
SKU0061,WH01,7,218,418
SKU0062,WH01,3,43,101
SKU0063,WH01,7,127,242
SKU0064,WH01,14,147,231
SKU0065,WH01,7,103,198
SKU0066,WH01,5,644,1351
SKU0067,WH01,10,32,55
SKU0068,WH01,14,159,250
SKU0069,WH01,14,582,918
SKU0070,WH01,7,33,64
SKU0071,WH01,7,70,133
SKU0072,WH01,7,77,147
SKU0073,WH01,10,127,219
SKU0074,WH01,10,37,64
SKU0075,WH01,10,264,457
SKU0076,WH01,7,225,431
SKU0077,WH01,5,163,342
SKU0078,WH01,7,57,109
SKU0079,WH01,5,112,234
SKU0080,WH01,3,37,87
SKU0081,WH01,7,92,176
SKU0082,WH01,10,1072,1857
SKU0083,WH01,10,169,292
SKU0084,WH01,10,53,92
SKU0085,WH01,10,182,315
SKU0086,WH01,10,46,80
SKU0087,WH01,10,53,91
SKU0088,WH01,3,33,77
SKU0089,WH01,7,83,159
SKU0090,WH01,5,239,502
SKU0091,WH01,3,139,329
SKU0092,WH01,5,165,346
SKU0093,WH01,10,58,100
SKU0094,WH01,10,95,165
SKU0095,WH01,14,250,394
SKU0096,WH01,14,111,176
SKU0097,WH01,10,121,209
SKU0098,WH01,5,153,322
SKU0099,WH01,10,113,196
SKU0100,WH01,10,190,328
SKU0101,WH01,10,647,1121
SKU0102,WH01,5,89,185
SKU0103,WH01,5,298,625
SKU0104,WH01,14,324,511
SKU0105,WH01,5,28,58
SKU0106,WH01,7,46,88
SKU0107,WH01,7,59,112
SKU0108,WH01,5,48,101
SKU0109,WH01,3,76,181
SKU0110,WH01,14,340,537
SKU0111,WH01,10,478,828
SKU0112,WH01,14,258,408
SKU0113,WH01,5,69,145
SKU0114,WH01,5,16,34
SKU0115,WH01,7,132,252
SKU0116,WH01,7,127,243
SKU0117,WH01,3,97,231
SKU0118,WH01,10,1027,1780
SKU0119,WH01,14,597,943
SKU0120,WH01,7,251,480
SKU0121,WH01,7,52,100
SKU0122,WH01,7,78,150
SKU0123,WH01,5,95,199
SKU0124,WH01,5,52,108
SKU0125,WH01,7,194,371
SKU0126,WH01,7,171,327
SKU0127,WH01,7,47,89
SKU0128,WH01,10,453,785
SKU0129,WH01,5,113,237
SKU0130,WH01,3,18,42
SKU0131,WH01,3,79,187
SKU0132,WH01,5,133,279
SKU0133,WH01,7,297,568
SKU0134,WH01,10,114,198
SKU0135,WH01,10,325,564
SKU0136,WH01,7,147,280
SKU0137,WH01,7,38,73
SKU0138,WH01,5,29,61
SKU0139,WH01,7,339,650
SKU0140,WH01,7,362,694
SKU0141,WH01,10,207,358
SKU0142,WH01,7,475,909
SKU0143,WH01,5,267,559
SKU0144,WH01,5,191,400
SKU0145,WH01,5,46,96
SKU0146,WH01,14,928,1466
SKU0147,WH01,3,134,317
SKU0148,WH01,3,59,139
SKU0149,WH01,5,57,119
SKU0150,WH01,10,195,337
SKU0151,WH01,7,28,53
SKU0152,WH01,7,232,444
SKU0153,WH01,7,53,101
SKU0154,WH01,3,115,273
SKU0155,WH01,10,97,168
SKU0156,WH01,5,82,171
SKU0157,WH01,3,42,99
SKU0158,WH01,7,107,205
SKU0159,WH01,5,564,1183
SKU0160,WH01,5,358,751
SKU0161,WH01,10,213,368
SKU0162,WH01,7,121,232
SKU0163,WH01,5,220,462
SKU0164,WH01,7,342,654
SKU0165,WH01,10,74,127
SKU0166,WH01,3,77,183
SKU0167,WH01,5,20,42
SKU0168,WH01,7,339,650
SKU0169,WH01,7,792,1517
SKU0170,WH01,14,210,332
SKU0171,WH01,7,19,35
SKU0172,WH01,3,143,338
SKU0173,WH01,7,55,105
SKU0174,WH01,7,68,131
SKU0175,WH01,5,181,380
SKU0176,WH01,7,156,298
SKU0177,WH01,5,67,140
SKU0178,WH01,10,86,149
SKU0179,WH01,10,173,300
SKU0180,WH01,7,86,164
SKU0181,WH01,14,72,114
SKU0182,WH01,14,145,229
SKU0183,WH01,5,140,294
SKU0184,WH01,7,106,202
SKU0185,WH01,7,35,67
SKU0186,WH01,5,251,526
SKU0187,WH01,7,11,21
SKU0188,WH01,5,69,145
SKU0189,WH01,14,112,177
SKU0190,WH01,7,141,271
SKU0191,WH01,10,256,444
SKU0192,WH01,7,341,652
SKU0193,WH01,5,55,114
SKU0194,WH01,10,262,454
SKU0195,WH01,3,99,233
SKU0196,WH01,3,18,42
SKU0197,WH01,7,683,1309
SKU0198,WH01,10,43,74
SKU0199,WH01,7,180,345
SKU0200,WH01,3,117,278
SKU0201,WH01,7,159,304
SKU0202,WH01,5,66,139
SKU0203,WH01,3,174,412
SKU0204,WH01,7,31,59
SKU0205,WH01,5,97,204
SKU0206,WH01,5,62,130
SKU0207,WH01,7,68,129
SKU0208,WH01,10,227,394
SKU0209,WH01,5,272,570
SKU0210,WH01,7,91,174
SKU0211,WH01,5,208,436
SKU0212,WH01,14,205,323
SKU0213,WH01,5,47,97
SKU0214,WH01,5,82,172
SKU0215,WH01,7,95,181
SKU0216,WH01,5,55,116
SKU0217,WH01,5,152,318
SKU0218,WH01,5,127,267
SKU0219,WH01,7,30,57
SKU0220,WH01,7,28,54
SKU0221,WH01,10,227,392
SKU0222,WH01,10,75,129
SKU0223,WH01,7,162,311
SKU0224,WH01,14,395,623
SKU0225,WH01,10,50,86
SKU0226,WH01,10,44,76
SKU0227,WH01,10,696,1207
SKU0228,WH01,7,170,325
SKU0229,WH01,5,71,149
SKU0230,WH01,7,54,103
SKU0231,WH01,5,65,137
SKU0232,WH01,7,43,81
SKU0233,WH01,3,183,433
SKU0234,WH01,3,41,98
SKU0235,WH01,14,523,826
SKU0236,WH01,10,108,187
SKU0237,WH01,7,49,93
SKU0238,WH01,7,85,162
SKU0239,WH01,7,12,23
SKU0240,WH01,10,139,240
SKU0241,WH01,10,133,230
SKU0242,WH01,7,260,497
SKU0243,WH01,7,23,44
SKU0244,WH01,7,352,673
SKU0245,WH01,10,323,560
SKU0246,WH01,14,603,952
SKU0247,WH01,7,118,226
SKU0248,WH01,7,308,589
SKU0249,WH01,7,33,63
SKU0250,WH01,7,235,450
SKU0251,WH01,14,98,155
SKU0252,WH01,10,35,61
SKU0253,WH01,7,45,86
SKU0254,WH01,7,124,238
SKU0255,WH01,7,59,113
SKU0256,WH01,3,116,275
SKU0257,WH01,7,25,47
SKU0258,WH01,10,23,40
SKU0259,WH01,10,531,920
SKU0260,WH01,5,232,487
SKU0261,WH01,10,60,104
SKU0262,WH01,10,154,267
SKU0263,WH01,5,258,541
SKU0264,WH01,7,180,345
SKU0265,WH01,7,141,271
SKU0266,WH01,10,414,717
SKU0267,WH01,5,54,112
SKU0268,WH01,5,106,223
SKU0269,WH01,7,122,233
SKU0270,WH01,3,65,153
SKU0271,WH01,7,87,167
SKU0272,WH01,10,165,286
SKU0273,WH01,5,107,223
SKU0274,WH01,7,49,93
SKU0275,WH01,14,402,635
SKU0276,WH01,7,52,99
SKU0277,WH01,7,102,195
SKU0278,WH01,7,95,182
SKU0279,WH01,5,142,299
SKU0280,WH01,5,16,33
SKU0281,WH01,10,344,596
SKU0282,WH01,7,68,129
SKU0283,WH01,5,309,648
SKU0284,WH01,3,54,128
SKU0285,WH01,10,148,256
SKU0286,WH01,3,461,1094
SKU0287,WH01,10,121,209
SKU0288,WH01,7,377,722
SKU0289,WH01,7,128,245
SKU0290,WH01,5,150,314
SKU0291,WH01,5,110,230
SKU0292,WH01,7,265,508
SKU0293,WH01,10,84,145
SKU0294,WH01,5,43,90
SKU0295,WH01,7,70,134
SKU0296,WH01,7,135,259
SKU0297,WH01,5,85,177
SKU0298,WH01,7,234,449
SKU0299,WH01,5,333,699
SKU0300,WH01,7,52,99
SKU0301,WH01,5,54,112
SKU0302,WH01,7,34,65
SKU0303,WH01,7,768,1471
SKU0304,WH01,7,163,312
SKU0305,WH01,7,190,365
SKU0306,WH01,14,59,93
SKU0307,WH01,7,124,237
SKU0308,WH01,10,244,423
SKU0309,WH01,5,82,172
SKU0310,WH01,7,325,623
SKU0311,WH01,3,659,1565
SKU0312,WH01,7,53,101
SKU0313,WH01,10,62,107
SKU0314,WH01,10,70,122
SKU0315,WH01,7,524,1004
SKU0316,WH01,7,316,605
SKU0317,WH01,5,92,192
SKU0318,WH01,3,85,202
SKU0319,WH01,10,74,129
SKU0320,WH01,5,230,481
SKU0321,WH01,5,74,154
SKU0322,WH01,14,155,245
SKU0323,WH01,14,338,534
SKU0324,WH01,7,105,200
SKU0325,WH01,7,100,192
SKU0326,WH01,10,156,270
SKU0327,WH01,5,211,442
SKU0328,WH01,7,543,1041
SKU0329,WH01,7,209,401
SKU0330,WH01,14,403,636
SKU0331,WH01,14,164,258
SKU0332,WH01,10,82,142
SKU0333,WH01,5,186,389
SKU0334,WH01,7,144,276
SKU0335,WH01,5,29,61
SKU0336,WH01,10,115,199
SKU0337,WH01,5,96,201
SKU0338,WH01,3,52,124
SKU0339,WH01,10,586,1015
SKU0340,WH01,7,191,365
SKU0341,WH01,10,531,920
SKU0342,WH01,3,105,248
SKU0343,WH01,10,166,288
SKU0344,WH01,3,36,85
SKU0345,WH01,3,84,198
SKU0346,WH01,7,125,240
SKU0347,WH01,5,31,64
SKU0348,WH01,7,76,146
SKU0349,WH01,3,62,147
SKU0350,WH01,3,120,284
SKU0351,WH01,10,234,405
SKU0352,WH01,5,61,128
SKU0353,WH01,10,236,408
SKU0354,WH01,10,131,227
SKU0355,WH01,3,7,15
SKU0356,WH01,10,100,173
SKU0357,WH01,5,272,571
SKU0358,WH01,7,28,53
SKU0359,WH01,5,114,239
SKU0360,WH01,10,643,1114
SKU0361,WH01,7,63,120
SKU0362,WH01,7,124,237
SKU0363,WH01,14,61,96
SKU0364,WH01,7,534,1023
SKU0365,WH01,10,144,248
SKU0366,WH01,10,161,279
SKU0367,WH01,14,661,1044
SKU0368,WH01,14,355,560
SKU0369,WH01,14,89,141
SKU0370,WH01,5,58,121
SKU0371,WH01,10,241,418
SKU0372,WH01,10,88,153
SKU0373,WH01,7,19,36
SKU0374,WH01,5,98,206
SKU0375,WH01,14,52,82
SKU0376,WH01,5,441,925
SKU0377,WH01,7,145,278
SKU0378,WH01,7,55,105
SKU0379,WH01,5,55,116
SKU0380,WH01,10,29,49
SKU0381,WH01,5,39,81
SKU0382,WH01,10,385,668
SKU0383,WH01,10,1150,1993
SKU0384,WH01,7,238,455
SKU0385,WH01,10,142,247
SKU0386,WH01,5,70,147
SKU0387,WH01,10,66,114
SKU0388,WH01,14,1248,1969
SKU0389,WH01,5,87,183
SKU0390,WH01,10,1036,1795
SKU0391,WH01,7,433,829
SKU0392,WH01,7,26,50
SKU0393,WH01,10,85,147
SKU0394,WH01,7,68,130
SKU0395,WH01,7,115,221
SKU0396,WH01,5,98,205
SKU0397,WH01,7,1830,3507
SKU0398,WH01,10,59,102
SKU0399,WH01,5,127,266
SKU0400,WH01,7,215,412
SKU0401,WH01,5,103,216
SKU0402,WH01,10,171,296
SKU0403,WH01,7,49,93
SKU0404,WH01,7,136,261
SKU0405,WH01,5,163,343
SKU0406,WH01,7,166,318
SKU0407,WH01,14,327,516
SKU0408,WH01,7,440,844
SKU0409,WH01,7,287,550
SKU0410,WH01,10,165,286
SKU0411,WH01,7,43,83
SKU0412,WH01,7,72,138
SKU0413,WH01,7,102,195
SKU0414,WH01,5,130,271
SKU0415,WH01,10,101,174
SKU0416,WH01,10,67,116
SKU0417,WH01,14,68,106
SKU0418,WH01,10,35,61
SKU0419,WH01,7,100,192
SKU0420,WH01,5,28,58
SKU0421,WH01,7,51,97
SKU0422,WH01,14,138,217
SKU0423,WH01,10,47,81
SKU0424,WH01,7,174,333
SKU0425,WH01,10,301,521
SKU0426,WH01,10,95,164
SKU0427,WH01,14,132,209
SKU0428,WH01,10,251,434
SKU0429,WH01,7,65,125
SKU0430,WH01,5,51,107
SKU0431,WH01,7,363,695
SKU0432,WH01,7,274,525
SKU0433,WH01,14,336,530
SKU0434,WH01,7,284,544
SKU0435,WH01,7,21,40
SKU0436,WH01,7,418,800
SKU0437,WH01,7,176,337
SKU0438,WH01,7,307,588
SKU0439,WH01,5,146,306
SKU0440,WH01,10,162,280
SKU0441,WH01,7,97,185
SKU0442,WH01,7,172,330
SKU0443,WH01,5,78,164
SKU0444,WH01,7,270,517
SKU0445,WH01,10,37,65
SKU0446,WH01,10,95,165
SKU0447,WH01,3,519,1231
SKU0448,WH01,14,112,176
SKU0449,WH01,10,125,216
SKU0450,WH01,5,47,98
SKU0451,WH01,5,140,293
SKU0452,WH01,5,53,112
SKU0453,WH01,10,131,227
SKU0454,WH01,5,221,464
SKU0455,WH01,7,66,127
SKU0456,WH01,10,314,544
SKU0457,WH01,10,324,561
SKU0458,WH01,10,399,691
SKU0459,WH01,10,176,304
SKU0460,WH01,5,1901,3992
SKU0461,WH01,10,399,691
SKU0462,WH01,5,138,290
SKU0463,WH01,5,47,99
SKU0464,WH01,14,179,283
SKU0465,WH01,5,372,780
SKU0466,WH01,5,479,1006
SKU0467,WH01,7,467,895
SKU0468,WH01,7,251,480
SKU0469,WH01,5,34,70
SKU0470,WH01,7,192,367
SKU0471,WH01,10,51,88
SKU0472,WH01,10,41,71
SKU0473,WH01,5,128,268
SKU0474,WH01,7,198,379
SKU0475,WH01,10,348,603
SKU0476,WH01,5,161,338
SKU0477,WH01,5,166,349
SKU0478,WH01,3,34,81
SKU0479,WH01,7,113,216
SKU0480,WH01,5,27,56
SKU0481,WH01,10,26,45
SKU0482,WH01,14,381,601
SKU0483,WH01,5,53,110
SKU0484,WH01,7,271,519
SKU0485,WH01,5,279,586
SKU0486,WH01,3,48,112
SKU0487,WH01,10,263,455
SKU0488,WH01,7,69,131
SKU0489,WH01,14,38,59
SKU0490,WH01,7,138,265
SKU0491,WH01,5,68,142
SKU0492,WH01,7,84,160
SKU0493,WH01,5,609,1278
SKU0494,WH01,10,40,68
SKU0495,WH01,10,218,378
SKU0496,WH01,7,51,97
SKU0497,WH01,7,280,536
SKU0498,WH01,10,202,350
SKU0499,WH01,10,217,377
SKU0500,WH01,5,44,93
SKU0501,WH01,3,42,99
SKU0502,WH01,5,237,498
SKU0503,WH01,7,608,1164
SKU0504,WH01,7,191,365
SKU0505,WH01,5,46,97
SKU0506,WH01,7,168,321
SKU0507,WH01,7,1097,2102
SKU0508,WH01,5,113,237
SKU0509,WH01,14,729,1150
SKU0510,WH01,7,64,122
SKU0511,WH01,7,119,228
SKU0512,WH01,7,216,413
SKU0513,WH01,7,177,339
SKU0514,WH01,10,78,135
SKU0515,WH01,7,200,115
SKU0516,WH01,7,301,576
SKU0517,WH01,14,571,902
SKU0518,WH01,10,602,1043
SKU0519,WH01,10,783,1356
SKU0520,WH01,5,117,244
SKU0521,WH01,5,78,164
SKU0522,WH01,10,521,902
SKU0523,WH01,7,235,450
SKU0524,WH01,10,64,111
SKU0525,WH01,10,61,106
SKU0526,WH01,5,161,337
SKU0527,WH01,5,88,185
SKU0528,WH01,7,121,231
SKU0529,WH01,5,270,567
SKU0530,WH01,10,306,530
SKU0531,WH01,10,511,885
SKU0532,WH01,7,22,42
SKU0533,WH01,10,194,336
SKU0534,WH01,7,231,442
SKU0535,WH01,10,40,68
SKU0536,WH01,5,58,120
SKU0537,WH01,10,73,126
SKU0538,WH01,10,158,273
SKU0539,WH01,5,445,935
SKU0540,WH01,7,762,1460
SKU0541,WH01,10,75,129
SKU0542,WH01,5,166,347
SKU0543,WH01,10,255,442
SKU0544,WH01,14,277,438
SKU0545,WH01,10,221,383
SKU0546,WH01,7,163,311
SKU0547,WH01,7,564,1080
SKU0548,WH01,14,527,832
SKU0549,WH01,7,48,92
SKU0550,WH01,5,211,442
SKU0551,WH01,3,184,437
SKU0552,WH01,10,205,355
SKU0553,WH01,7,342,655
SKU0554,WH01,5,122,256
SKU0555,WH01,7,148,284
SKU0556,WH01,10,172,299
SKU0557,WH01,7,21,39
SKU0558,WH01,10,144,249
SKU0559,WH01,10,85,147
SKU0560,WH01,14,68,107
SKU0561,WH01,10,561,972
SKU0562,WH01,5,162,340
SKU0563,WH01,10,151,261
SKU0564,WH01,3,50,118
SKU0565,WH01,14,256,403
SKU0566,WH01,5,251,527
SKU0567,WH01,10,74,127
SKU0568,WH01,10,154,267
SKU0569,WH01,5,225,472
SKU0570,WH01,10,28,47
SKU0571,WH01,3,79,186
SKU0572,WH01,7,84,161
SKU0573,WH01,7,110,210
SKU0574,WH01,7,79,151
SKU0575,WH01,7,140,268
SKU0576,WH01,14,1104,1742
SKU0577,WH01,7,93,177
SKU0578,WH01,7,161,308
SKU0579,WH01,10,929,1610
SKU0580,WH01,10,95,163
SKU0581,WH01,3,422,1001
SKU0582,WH01,14,197,310
SKU0583,WH01,3,409,972
SKU0584,WH01,7,243,465
SKU0585,WH01,7,163,312
SKU0586,WH01,10,146,252
SKU0587,WH01,5,59,124
SKU0588,WH01,5,111,232
SKU0589,WH01,10,346,600
SKU0590,WH01,5,102,214
SKU0591,WH01,7,93,178
SKU0592,WH01,10,124,214
SKU0593,WH01,10,377,654
SKU0594,WH01,5,310,651
SKU0595,WH01,7,68,130
SKU0596,WH01,14,108,169
SKU0597,WH01,7,174,333
SKU0598,WH01,3,326,773
SKU0599,WH01,5,289,606
SKU0600,WH01,7,40,77
SKU0601,WH01,14,155,244
SKU0602,WH01,7,54,103
SKU0603,WH01,3,65,154
SKU0604,WH01,7,523,1002
SKU0605,WH01,5,29,61
SKU0606,WH01,5,24,51
SKU0607,WH01,14,93,147
SKU0608,WH01,10,200,347
SKU0609,WH01,3,144,342
SKU0610,WH01,7,183,351
SKU0611,WH01,5,297,622
SKU0612,WH01,5,22,45
SKU0613,WH01,7,360,690
SKU0614,WH01,7,94,179
SKU0615,WH01,10,298,517
SKU0616,WH01,10,47,82
SKU0617,WH01,5,104,217
SKU0618,WH01,14,242,382
SKU0619,WH01,7,350,670
SKU0620,WH01,5,25,52
SKU0621,WH01,10,159,275
SKU0622,WH01,3,31,74
SKU0623,WH01,7,195,373
SKU0624,WH01,10,311,539
SKU0625,WH01,5,328,688
SKU0626,WH01,10,96,166
SKU0627,WH01,5,237,498
SKU0628,WH01,10,525,910
SKU0629,WH01,3,19,45
SKU0630,WH01,5,179,375
SKU0631,WH01,7,293,561
SKU0632,WH01,10,123,212
SKU0633,WH01,5,35,73
SKU0634,WH01,10,361,625
SKU0635,WH01,5,35,74
SKU0636,WH01,7,106,202
SKU0637,WH01,7,119,229
SKU0638,WH01,5,196,412
SKU0639,WH01,14,112,176
SKU0640,WH01,7,67,128
SKU0641,WH01,10,169,293
SKU0642,WH01,7,306,585
SKU0643,WH01,7,967,1853
SKU0644,WH01,7,32,61
SKU0645,WH01,10,205,356
SKU0646,WH01,10,59,101
SKU0647,WH01,7,309,592
SKU0648,WH01,7,54,102
SKU0649,WH01,7,68,129
SKU0650,WH01,7,73,140
SKU0651,WH01,7,116,221
SKU0652,WH01,7,166,317
SKU0653,WH01,10,239,414
SKU0654,WH01,14,195,307
SKU0655,WH01,14,60,94
SKU0656,WH01,10,297,515
SKU0657,WH01,7,118,226
SKU0658,WH01,10,439,761
SKU0659,WH01,5,55,115
SKU0660,WH01,7,30,56
SKU0661,WH01,5,100,210
SKU0662,WH01,3,265,628
SKU0663,WH01,14,226,357
SKU0664,WH01,10,129,224
SKU0665,WH01,7,57,109
SKU0666,WH01,5,501,1051
SKU0667,WH01,10,62,106
SKU0668,WH01,7,65,124
SKU0669,WH01,10,258,447
SKU0670,WH01,14,37,59
SKU0671,WH01,7,389,745
SKU0672,WH01,5,181,379
SKU0673,WH01,5,231,485
SKU0674,WH01,5,170,357
SKU0675,WH01,7,107,205
SKU0676,WH01,3,32,76
SKU0677,WH01,5,91,191
SKU0678,WH01,5,43,90
SKU0679,WH01,5,160,335
SKU0680,WH01,10,319,553
SKU0681,WH01,5,389,816
SKU0682,WH01,10,216,374
SKU0683,WH01,5,237,497
SKU0684,WH01,5,79,166
SKU0685,WH01,3,54,128
SKU0686,WH01,10,237,410
SKU0687,WH01,5,73,153
SKU0688,WH01,7,158,302
SKU0689,WH01,5,40,84
SKU0690,WH01,14,89,140
SKU0691,WH01,5,183,383
SKU0692,WH01,7,275,526
SKU0693,WH01,10,64,111
SKU0694,WH01,5,188,395
SKU0695,WH01,5,64,134
SKU0696,WH01,10,157,272
SKU0697,WH01,5,369,773
SKU0698,WH01,3,171,405
SKU0699,WH01,7,253,484
SKU0700,WH01,3,459,1089
SKU0701,WH01,14,104,164
SKU0702,WH01,7,51,98
SKU0703,WH01,7,65,124
SKU0704,WH01,5,82,172
SKU0705,WH01,10,19,33
SKU0706,WH01,10,128,222
SKU0707,WH01,3,51,120
SKU0708,WH01,10,313,542
SKU0709,WH01,7,170,325
SKU0710,WH01,10,90,156
SKU0711,WH01,5,175,368
SKU0712,WH01,5,198,414
SKU0713,WH01,10,78,134
SKU0714,WH01,10,99,172
SKU0715,WH01,7,17,32
SKU0716,WH01,3,31,74
SKU0717,WH01,10,80,138
SKU0718,WH01,5,110,231
SKU0719,WH01,7,53,101
SKU0720,WH01,7,78,149
SKU0721,WH01,5,35,72
SKU0722,WH01,3,96,228
SKU0723,WH01,3,121,287
SKU0724,WH01,14,281,444
SKU0725,WH01,7,125,240
SKU0726,WH01,10,39,67
SKU0727,WH01,14,112,177
SKU0728,WH01,10,107,186
SKU0729,WH01,7,86,165
SKU0730,WH01,7,132,253
SKU0731,WH01,7,446,854
SKU0732,WH01,7,257,492
SKU0733,WH01,14,81,127
SKU0734,WH01,10,284,493
SKU0735,WH01,7,220,421
SKU0736,WH01,7,60,115
SKU0737,WH01,10,332,574
SKU0738,WH01,5,89,187
SKU0739,WH01,10,44,76
SKU0740,WH01,5,155,326
SKU0741,WH01,10,188,325
SKU0742,WH01,10,126,218
SKU0743,WH01,7,120,229
SKU0744,WH01,5,54,114
SKU0745,WH01,10,268,463
SKU0746,WH01,7,119,228
SKU0747,WH01,7,144,275
SKU0748,WH01,7,171,327
SKU0749,WH01,7,44,84
SKU0750,WH01,10,69,120
SKU0751,WH01,5,15,30
SKU0752,WH01,7,206,394
SKU0753,WH01,10,52,90
SKU0754,WH01,3,93,221
SKU0755,WH01,7,173,331
SKU0756,WH01,10,266,460
SKU0757,WH01,10,53,91
SKU0758,WH01,7,117,223
SKU0759,WH01,10,694,1202
SKU0760,WH01,5,481,1010
SKU0761,WH01,7,300,575
SKU0762,WH01,14,265,418
SKU0763,WH01,10,63,109
SKU0764,WH01,7,236,452
SKU0765,WH01,7,108,206
SKU0766,WH01,7,205,392
SKU0767,WH01,3,47,111
SKU0768,WH01,10,132,229
SKU0769,WH01,10,179,310
SKU0770,WH01,7,154,296
SKU0771,WH01,5,161,337
SKU0772,WH01,7,74,141
SKU0773,WH01,5,31,65
SKU0774,WH01,10,666,1154
SKU0775,WH01,7,1160,2222
SKU0776,WH01,5,154,323
SKU0777,WH01,7,38,72
SKU0778,WH01,14,98,154
SKU0779,WH01,5,163,342
SKU0780,WH01,7,413,791
SKU0781,WH01,7,42,80
SKU0782,WH01,5,92,194
SKU0783,WH01,7,148,283
SKU0784,WH01,7,269,515
SKU0785,WH01,5,76,159
SKU0786,WH01,5,26,53
SKU0787,WH01,10,270,468
SKU0788,WH01,7,340,651
SKU0789,WH01,7,115,220
SKU0790,WH01,7,178,341
SKU0791,WH01,10,101,175
SKU0792,WH01,10,73,125
SKU0793,WH01,10,389,674
SKU0794,WH01,7,175,336
SKU0795,WH01,7,192,368
SKU0796,WH01,7,477,914
SKU0797,WH01,7,48,92
SKU0798,WH01,7,76,144
SKU0799,WH01,5,119,249
SKU0800,WH01,7,75,143
SKU0801,WH01,7,250,479
SKU0802,WH01,3,70,166
SKU0803,WH01,5,43,89
SKU0804,WH01,10,164,284
SKU0805,WH01,7,144,276
SKU0806,WH01,10,358,620
SKU0807,WH01,7,176,337
SKU0808,WH01,10,234,405
SKU0809,WH01,10,206,357
SKU0810,WH01,5,87,183
SKU0811,WH01,14,103,162
SKU0812,WH01,3,107,254
SKU0813,WH01,7,92,176
SKU0814,WH01,10,706,1224
SKU0815,WH01,7,413,792
SKU0816,WH01,7,219,418
SKU0817,WH01,7,174,333
SKU0818,WH01,3,76,181
SKU0819,WH01,3,27,63
SKU0820,WH01,5,85,178
SKU0821,WH01,5,113,237
SKU0822,WH01,7,152,291
SKU0823,WH01,7,189,361
SKU0824,WH01,7,283,542
SKU0825,WH01,10,83,144
SKU0826,WH01,3,45,106
SKU0827,WH01,5,380,797
SKU0828,WH01,10,309,535
SKU0829,WH01,14,138,217
SKU0830,WH01,7,113,215
SKU0831,WH01,5,94,197
SKU0832,WH01,10,159,276
SKU0833,WH01,10,236,410
SKU0834,WH01,7,1208,2316
SKU0835,WH01,5,122,257
SKU0836,WH01,3,150,355
SKU0837,WH01,7,28,52
SKU0838,WH01,14,127,200
SKU0839,WH01,10,467,808
SKU0840,WH01,7,178,340
SKU0841,WH01,7,3,5
SKU0842,WH01,10,283,491
SKU0843,WH01,7,694,1329
SKU0844,WH01,10,26,45
SKU0845,WH01,7,485,929
SKU0846,WH01,7,11,20
SKU0847,WH01,7,287,551
SKU0848,WH01,7,123,235
SKU0849,WH01,14,24,38
SKU0850,WH01,7,185,354
SKU0851,WH01,7,348,667
SKU0852,WH01,7,172,329
SKU0853,WH01,7,209,401
SKU0854,WH01,7,86,164
SKU0855,WH01,10,29,51
SKU0856,WH01,7,230,441
SKU0857,WH01,7,596,1143
SKU0858,WH01,7,341,654
SKU0859,WH01,3,14,33
SKU0860,WH01,10,40,69
SKU0861,WH01,7,58,111
SKU0862,WH01,7,30,57
SKU0863,WH01,10,161,279
SKU0864,WH01,10,220,381
SKU0865,WH01,10,43,74
SKU0866,WH01,7,249,476
SKU0867,WH01,7,212,407
SKU0868,WH01,10,95,164
SKU0869,WH01,7,106,203
SKU0870,WH01,7,22,41
SKU0871,WH01,7,92,176
SKU0872,WH01,10,156,270
SKU0873,WH01,5,120,252
SKU0874,WH01,7,174,333
SKU0875,WH01,5,129,269
SKU0876,WH01,7,98,187
SKU0877,WH01,10,200,346
SKU0878,WH01,7,304,583
SKU0879,WH01,7,114,217
SKU0880,WH01,10,206,356
SKU0881,WH01,10,131,227
SKU0882,WH01,7,69,133
SKU0883,WH01,14,313,494
SKU0884,WH01,7,75,144
SKU0885,WH01,10,219,379
SKU0886,WH01,5,106,222
SKU0887,WH01,5,79,165
SKU0888,WH01,7,92,176
SKU0889,WH01,5,66,137
SKU0890,WH01,7,29,54
SKU0891,WH01,5,146,305
SKU0892,WH01,7,152,292
SKU0893,WH01,5,221,464
SKU0894,WH01,5,64,134
SKU0895,WH01,14,1076,1699
SKU0896,WH01,10,110,190
SKU0897,WH01,14,89,141
SKU0898,WH01,7,51,97
SKU0899,WH01,3,18,42
SKU0900,WH01,7,491,940
SKU0901,WH01,7,424,813
SKU0902,WH01,3,142,336
SKU0903,WH01,10,69,120
SKU0904,WH01,7,630,1208
SKU0905,WH01,10,113,195
SKU0906,WH01,7,97,186
SKU0907,WH01,7,450,863
SKU0908,WH01,5,187,391
SKU0909,WH01,14,1417,2237
SKU0910,WH01,7,155,296
SKU0911,WH01,5,72,152
SKU0912,WH01,3,48,113
SKU0913,WH01,7,24,45
SKU0914,WH01,14,153,241
SKU0915,WH01,10,433,749
SKU0916,WH01,10,265,459
SKU0917,WH01,14,199,315
SKU0918,WH01,10,63,110
SKU0919,WH01,7,152,291
SKU0920,WH01,7,307,589
SKU0921,WH01,3,122,288
SKU0922,WH01,5,120,251
SKU0923,WH01,7,61,116
SKU0924,WH01,5,225,472
SKU0925,WH01,14,12,19
SKU0926,WH01,14,276,436
SKU0927,WH01,7,1247,2391
SKU0928,WH01,10,40,69
SKU0929,WH01,7,100,191
SKU0930,WH01,5,103,215
SKU0931,WH01,7,82,156
SKU0932,WH01,5,262,549
SKU0933,WH01,7,189,362
SKU0934,WH01,5,118,248
SKU0935,WH01,5,211,443
SKU0936,WH01,5,105,220
SKU0937,WH01,14,3418,5396
SKU0938,WH01,5,118,248
SKU0939,WH01,7,148,282
SKU0940,WH01,7,27,51
SKU0941,WH01,7,76,145
SKU0942,WH01,7,347,665
SKU0943,WH01,3,25,59
SKU0944,WH01,7,18,34
SKU0945,WH01,7,128,244
SKU0946,WH01,10,530,918
SKU0947,WH01,7,129,246
SKU0948,WH01,7,92,175
SKU0949,WH01,7,24,45
SKU0950,WH01,5,155,325
SKU0951,WH01,7,224,429
SKU0952,WH01,3,17,40
SKU0953,WH01,7,343,657
SKU0954,WH01,10,308,533
SKU0955,WH01,5,285,599
SKU0956,WH01,3,140,331
SKU0957,WH01,10,278,482
SKU0958,WH01,7,198,378
SKU0959,WH01,10,337,585
SKU0960,WH01,14,39,61
SKU0961,WH01,14,51,80
SKU0962,WH01,7,64,122
SKU0963,WH01,5,92,193
SKU0964,WH01,7,175,336
SKU0965,WH01,7,166,317
SKU0966,WH01,7,338,647
SKU0967,WH01,7,347,665
SKU0968,WH01,3,38,90
SKU0969,WH01,5,128,268
SKU0970,WH01,5,48,101
SKU0971,WH01,5,87,183
SKU0972,WH01,14,261,413
SKU0973,WH01,3,4,10
SKU0974,WH01,7,1081,2072
SKU0975,WH01,14,326,514
SKU0976,WH01,7,73,139
SKU0977,WH01,7,700,1340
SKU0978,WH01,10,113,196
SKU0979,WH01,7,139,267
SKU0980,WH01,7,80,153
SKU0981,WH01,10,683,1183
SKU0982,WH01,10,141,244
SKU0983,WH01,10,177,306
SKU0984,WH01,14,578,912
SKU0985,WH01,7,209,401
SKU0986,WH01,10,147,255
SKU0987,WH01,7,336,643
SKU0988,WH01,10,1515,2626
SKU0989,WH01,10,206,356
SKU0990,WH01,10,172,297
SKU0991,WH01,10,180,312
SKU0992,WH01,7,402,770
SKU0993,WH01,10,90,156
SKU0994,WH01,5,81,169
SKU0995,WH01,7,31,60
SKU0996,WH01,10,54,93
SKU0997,WH01,10,97,168
SKU0998,WH01,7,118,225
SKU0999,WH01,7,607,1163
SKU1000,WH01,7,200,384
SKU0001,WH02,5,85,177
SKU0002,WH02,14,941,1486
SKU0003,WH02,7,169,323
SKU0004,WH02,14,34,53
SKU0005,WH02,5,6,11
SKU0006,WH02,10,242,419
SKU0007,WH02,7,92,176
SKU0008,WH02,10,349,605
SKU0009,WH02,7,46,87
SKU0010,WH02,10,172,297
SKU0011,WH02,14,339,535
SKU0012,WH02,7,67,128
SKU0013,WH02,3,46,108
SKU0014,WH02,5,86,179
SKU0015,WH02,10,204,353
SKU0016,WH02,7,99,189
SKU0017,WH02,7,240,460
SKU0018,WH02,7,66,127
SKU0019,WH02,7,31,58
SKU0020,WH02,10,740,1283
SKU0021,WH02,10,73,126
SKU0022,WH02,10,75,130
SKU0023,WH02,10,118,204
SKU0024,WH02,10,133,230
SKU0025,WH02,7,71,136
SKU0026,WH02,14,156,246
SKU0027,WH02,5,81,169
SKU0028,WH02,7,117,225
SKU0029,WH02,10,15,26
SKU0030,WH02,7,543,1041
SKU0031,WH02,5,73,154
SKU0032,WH02,7,169,323
SKU0033,WH02,7,29,56
SKU0034,WH02,14,104,164
SKU0035,WH02,7,55,105
SKU0036,WH02,5,313,657
SKU0037,WH02,7,59,113
SKU0038,WH02,7,198,379
SKU0039,WH02,5,125,98
SKU0040,WH02,7,67,128
SKU0041,WH02,7,81,154
SKU0042,WH02,5,265,556
SKU0043,WH02,7,19,35
SKU0044,WH02,7,31,59
SKU0045,WH02,10,22,38
SKU0046,WH02,7,38,72
SKU0047,WH02,5,41,85
SKU0048,WH02,14,37,59
SKU0049,WH02,7,52,99
SKU0050,WH02,3,11,26
SKU0051,WH02,10,50,87
SKU0052,WH02,5,246,515
SKU0053,WH02,10,180,312
SKU0054,WH02,10,148,257
SKU0055,WH02,14,65,102
SKU0056,WH02,14,40,63
SKU0057,WH02,5,30,63
SKU0058,WH02,10,121,209
SKU0059,WH02,7,219,419
SKU0060,WH02,7,226,432
SKU0061,WH02,7,177,338
SKU0062,WH02,3,35,82
SKU0063,WH02,3,69,162
SKU0064,WH02,3,50,119
SKU0065,WH02,5,70,146
SKU0066,WH02,5,521,1094
SKU0067,WH02,14,33,52
SKU0068,WH02,7,81,155
SKU0069,WH02,10,372,645
SKU0070,WH02,10,34,58
SKU0071,WH02,10,70,122
SKU0072,WH02,7,63,119
SKU0073,WH02,10,103,178
SKU0074,WH02,10,30,52
SKU0075,WH02,10,214,370
SKU0076,WH02,14,289,455
SKU0077,WH02,7,158,303
SKU0078,WH02,7,46,88
SKU0079,WH02,10,135,234
SKU0080,WH02,7,45,86
SKU0081,WH02,10,93,161
SKU0082,WH02,3,463,1099
SKU0083,WH02,3,73,173
SKU0084,WH02,7,35,66
SKU0085,WH02,3,79,187
SKU0086,WH02,14,47,74
SKU0087,WH02,3,23,54
SKU0088,WH02,10,49,85
SKU0089,WH02,5,56,118
SKU0090,WH02,14,368,581
SKU0091,WH02,7,169,323
SKU0092,WH02,3,107,254
SKU0093,WH02,3,25,59
SKU0094,WH02,7,62,118
SKU0095,WH02,14,203,319
SKU0096,WH02,14,90,142
SKU0097,WH02,7,78,150
SKU0098,WH02,7,149,285
SKU0099,WH02,5,61,128
SKU0100,WH02,7,123,235
SKU0101,WH02,7,419,803
SKU0102,WH02,5,72,150
SKU0103,WH02,7,289,554
SKU0104,WH02,10,207,359
SKU0105,WH02,3,18,43
SKU0106,WH02,5,31,65
SKU0107,WH02,5,40,83
SKU0108,WH02,5,39,81
SKU0109,WH02,5,77,162
SKU0110,WH02,7,174,333
SKU0111,WH02,5,258,541
SKU0112,WH02,10,165,286
SKU0113,WH02,10,84,145
SKU0114,WH02,14,25,39
SKU0115,WH02,10,134,231
SKU0116,WH02,5,86,179
SKU0117,WH02,5,99,207
SKU0118,WH02,5,555,1164
SKU0119,WH02,14,484,763
SKU0120,WH02,14,321,507
SKU0121,WH02,7,43,81
SKU0122,WH02,7,63,121
SKU0123,WH02,7,92,176
SKU0124,WH02,5,42,87
SKU0125,WH02,14,249,392
SKU0126,WH02,5,115,242
SKU0127,WH02,7,38,72
SKU0128,WH02,7,294,563
SKU0129,WH02,5,92,192
SKU0130,WH02,7,22,41
SKU0131,WH02,10,120,207
SKU0132,WH02,5,108,226
SKU0133,WH02,7,240,460
SKU0134,WH02,7,74,142
SKU0135,WH02,5,176,369
SKU0136,WH02,3,79,188
SKU0137,WH02,5,26,54
SKU0138,WH02,3,19,45
SKU0139,WH02,7,275,526
SKU0140,WH02,10,367,635
SKU0141,WH02,10,167,290
SKU0142,WH02,14,608,960
SKU0143,WH02,7,259,496
SKU0144,WH02,10,231,401
SKU0145,WH02,10,55,96
SKU0146,WH02,5,396,831
SKU0147,WH02,7,162,311
SKU0148,WH02,7,71,136
SKU0149,WH02,10,69,119
SKU0150,WH02,7,126,242
SKU0151,WH02,5,19,39
SKU0152,WH02,14,297,469
SKU0153,WH02,5,36,75
SKU0154,WH02,14,221,349
SKU0155,WH02,10,79,136
SKU0156,WH02,10,99,171
SKU0157,WH02,10,64,110
SKU0158,WH02,5,72,152
SKU0159,WH02,7,547,1049
SKU0160,WH02,10,435,753
SKU0161,WH02,10,172,298
SKU0162,WH02,5,82,171
SKU0163,WH02,5,178,374
SKU0164,WH02,7,277,530
SKU0165,WH02,7,48,91
SKU0166,WH02,7,94,179
SKU0167,WH02,10,25,42
SKU0168,WH02,10,344,595
SKU0169,WH02,10,801,1389
SKU0170,WH02,5,90,188
SKU0171,WH02,7,15,29
SKU0172,WH02,7,173,332
SKU0173,WH02,5,37,78
SKU0174,WH02,3,37,88
SKU0175,WH02,7,176,337
SKU0176,WH02,5,105,220
SKU0177,WH02,7,65,124
SKU0178,WH02,3,38,89
SKU0179,WH02,5,94,196
SKU0180,WH02,3,47,110
SKU0181,WH02,7,37,71
SKU0182,WH02,7,75,142
SKU0183,WH02,7,136,260
SKU0184,WH02,5,71,149
SKU0185,WH02,14,45,70
SKU0186,WH02,7,244,467
SKU0187,WH02,10,11,19
SKU0188,WH02,7,67,129
SKU0189,WH02,10,72,124
SKU0190,WH02,10,143,248
SKU0191,WH02,7,166,318
SKU0192,WH02,10,345,597
SKU0193,WH02,5,44,93
SKU0194,WH02,10,212,367
SKU0195,WH02,7,120,229
SKU0196,WH02,3,15,34
SKU0197,WH02,14,875,1382
SKU0198,WH02,10,35,60
SKU0199,WH02,5,122,255
SKU0200,WH02,14,225,355
SKU0201,WH02,7,129,246
SKU0202,WH02,7,65,123
SKU0203,WH02,10,263,456
SKU0204,WH02,7,25,48
SKU0205,WH02,7,95,181
SKU0206,WH02,10,76,131
SKU0207,WH02,5,46,96
SKU0208,WH02,7,147,282
SKU0209,WH02,7,264,505
SKU0210,WH02,10,92,159
SKU0211,WH02,5,169,353
SKU0212,WH02,5,88,183
SKU0213,WH02,10,56,97
SKU0214,WH02,5,66,139
SKU0215,WH02,7,77,147
SKU0216,WH02,10,67,116
SKU0217,WH02,10,184,319
SKU0218,WH02,5,103,216
SKU0219,WH02,10,30,52
SKU0220,WH02,10,29,49
SKU0221,WH02,7,147,281
SKU0222,WH02,10,60,104
SKU0223,WH02,10,164,285
SKU0224,WH02,7,202,387
SKU0225,WH02,7,32,61
SKU0226,WH02,10,36,61
SKU0227,WH02,14,714,1127
SKU0228,WH02,7,138,263
SKU0229,WH02,10,86,149
SKU0230,WH02,10,54,94
SKU0231,WH02,10,79,137
SKU0232,WH02,14,55,86
SKU0233,WH02,5,185,388
SKU0234,WH02,5,42,87
SKU0235,WH02,7,268,513
SKU0236,WH02,7,70,134
SKU0237,WH02,7,40,75
SKU0238,WH02,10,86,148
SKU0239,WH02,14,15,24
SKU0240,WH02,7,90,172
SKU0241,WH02,10,108,186
SKU0242,WH02,5,175,368
SKU0243,WH02,7,19,36
SKU0244,WH02,3,190,450
SKU0245,WH02,7,210,401
SKU0246,WH02,7,309,591
SKU0247,WH02,10,120,207
SKU0248,WH02,7,249,477
SKU0249,WH02,7,27,51
SKU0250,WH02,3,127,301
SKU0251,WH02,5,42,88
SKU0252,WH02,14,36,57
SKU0253,WH02,14,58,91
SKU0254,WH02,7,101,193
SKU0255,WH02,5,40,84
SKU0256,WH02,7,141,269
SKU0257,WH02,10,25,43
SKU0258,WH02,7,15,29
SKU0259,WH02,3,229,544
SKU0260,WH02,7,226,432
SKU0261,WH02,5,33,68
SKU0262,WH02,7,100,191
SKU0263,WH02,5,209,438
SKU0264,WH02,10,183,316
SKU0265,WH02,7,115,219
SKU0266,WH02,5,224,469
SKU0267,WH02,7,52,100
SKU0268,WH02,7,103,197
SKU0269,WH02,10,123,213
SKU0270,WH02,14,124,196
SKU0271,WH02,5,59,124
SKU0272,WH02,10,134,232
SKU0273,WH02,10,129,224
SKU0274,WH02,10,49,85
SKU0275,WH02,7,206,394
SKU0276,WH02,7,42,80
SKU0277,WH02,3,55,130
SKU0278,WH02,14,122,192
SKU0279,WH02,7,138,265
SKU0280,WH02,7,15,29
SKU0281,WH02,7,223,427
SKU0282,WH02,3,37,86
SKU0283,WH02,5,250,525
SKU0284,WH02,7,65,125
SKU0285,WH02,7,96,184
SKU0286,WH02,10,699,1212
SKU0287,WH02,10,98,169
SKU0288,WH02,7,305,584
SKU0289,WH02,10,130,225
SKU0290,WH02,3,97,230
SKU0291,WH02,10,133,231
SKU0292,WH02,10,268,465
SKU0293,WH02,5,45,95
SKU0294,WH02,5,35,73
SKU0295,WH02,5,47,99
SKU0296,WH02,5,92,192
SKU0297,WH02,7,82,157
SKU0298,WH02,5,158,332
SKU0299,WH02,10,404,701
SKU0300,WH02,5,35,73
SKU0301,WH02,3,35,82
SKU0302,WH02,7,28,53
SKU0303,WH02,5,518,1087
SKU0304,WH02,14,209,329
SKU0305,WH02,7,154,295
SKU0306,WH02,5,25,53
SKU0307,WH02,5,84,175
SKU0308,WH02,7,158,303
SKU0309,WH02,7,80,153
SKU0310,WH02,10,329,570
SKU0311,WH02,7,801,1534
SKU0312,WH02,7,43,82
SKU0313,WH02,7,40,77
SKU0314,WH02,10,57,99
SKU0315,WH02,7,424,813
SKU0316,WH02,5,213,447
SKU0317,WH02,10,111,192
SKU0318,WH02,10,130,224
SKU0319,WH02,7,48,92
SKU0320,WH02,14,353,557
SKU0321,WH02,10,89,154
SKU0322,WH02,5,66,139
SKU0323,WH02,10,216,375
SKU0324,WH02,7,85,162
SKU0325,WH02,7,81,155
SKU0326,WH02,7,101,194
SKU0327,WH02,10,256,443
SKU0328,WH02,7,440,843
SKU0329,WH02,7,170,325
SKU0330,WH02,3,138,326
SKU0331,WH02,7,84,160
SKU0332,WH02,14,84,133
SKU0333,WH02,10,225,390
SKU0334,WH02,3,78,185
SKU0335,WH02,10,35,61
SKU0336,WH02,10,93,162
SKU0337,WH02,7,93,178
SKU0338,WH02,3,43,100
SKU0339,WH02,7,380,727
SKU0340,WH02,3,103,244
SKU0341,WH02,7,344,659
SKU0342,WH02,7,127,243
SKU0343,WH02,14,171,269
SKU0344,WH02,7,43,83
SKU0345,WH02,10,127,219
SKU0346,WH02,14,161,253
SKU0347,WH02,3,20,47
SKU0348,WH02,5,52,108
SKU0349,WH02,10,94,162
SKU0350,WH02,10,182,314
SKU0351,WH02,7,152,290
SKU0352,WH02,10,74,129
SKU0353,WH02,7,153,292
SKU0354,WH02,10,106,184
SKU0355,WH02,10,10,17
SKU0356,WH02,5,54,114
SKU0357,WH02,5,220,462
SKU0358,WH02,5,19,39
SKU0359,WH02,14,176,277
SKU0360,WH02,14,659,1041
SKU0361,WH02,10,63,110
SKU0362,WH02,5,84,176
SKU0363,WH02,7,31,60
SKU0364,WH02,5,361,757
SKU0365,WH02,7,93,178
SKU0366,WH02,5,87,183
SKU0367,WH02,10,423,733
SKU0368,WH02,5,151,318
SKU0369,WH02,7,46,88
SKU0370,WH02,14,89,140
SKU0371,WH02,10,195,338
SKU0372,WH02,3,38,91
SKU0373,WH02,14,24,38
SKU0374,WH02,7,96,183
SKU0375,WH02,7,27,51
SKU0376,WH02,10,535,927
SKU0377,WH02,10,147,254
SKU0378,WH02,7,45,85
SKU0379,WH02,7,54,103
SKU0380,WH02,7,19,35
SKU0381,WH02,3,25,59
SKU0382,WH02,10,312,541
SKU0383,WH02,5,621,1303
SKU0384,WH02,7,193,369
SKU0385,WH02,7,92,177
SKU0386,WH02,5,57,119
SKU0387,WH02,7,43,81
SKU0388,WH02,7,638,1223
SKU0389,WH02,7,85,162
SKU0390,WH02,5,559,1174
SKU0391,WH02,10,438,759
SKU0392,WH02,14,34,53
SKU0393,WH02,7,55,106
SKU0394,WH02,7,55,105
SKU0395,WH02,3,62,148
SKU0396,WH02,3,64,150
SKU0397,WH02,7,1482,2840
SKU0398,WH02,14,60,95
SKU0399,WH02,10,154,266
SKU0400,WH02,7,174,334
SKU0401,WH02,14,158,250
SKU0402,WH02,7,111,212
SKU0403,WH02,5,33,69
SKU0404,WH02,7,110,211
SKU0405,WH02,5,132,277
SKU0406,WH02,10,168,291
SKU0407,WH02,7,167,320
SKU0408,WH02,10,446,772
SKU0409,WH02,7,233,445
SKU0410,WH02,14,169,267
SKU0411,WH02,7,35,67
SKU0412,WH02,7,59,112
SKU0413,WH02,5,69,144
SKU0414,WH02,14,199,314
SKU0415,WH02,7,65,125
SKU0416,WH02,5,36,76
SKU0417,WH02,10,43,75
SKU0418,WH02,3,16,36
SKU0419,WH02,7,81,155
SKU0420,WH02,7,27,52
SKU0421,WH02,7,41,78
SKU0422,WH02,7,71,135
SKU0423,WH02,5,26,53
SKU0424,WH02,5,118,247
SKU0425,WH02,3,130,308
SKU0426,WH02,5,51,107
SKU0427,WH02,14,107,169
SKU0428,WH02,7,163,311
SKU0429,WH02,7,53,101
SKU0430,WH02,7,50,95
SKU0431,WH02,10,367,636
SKU0432,WH02,5,185,388
SKU0433,WH02,5,144,301
SKU0434,WH02,10,288,498
SKU0435,WH02,7,17,33
SKU0436,WH02,10,423,732
SKU0437,WH02,10,178,308
SKU0438,WH02,10,311,538
SKU0439,WH02,5,118,248
SKU0440,WH02,5,87,183
SKU0441,WH02,5,65,137
SKU0442,WH02,10,174,302
SKU0443,WH02,14,120,189
SKU0444,WH02,14,346,546
SKU0445,WH02,5,20,42
SKU0446,WH02,10,77,133
SKU0447,WH02,7,630,1206
SKU0448,WH02,10,72,124
SKU0449,WH02,7,81,155
SKU0450,WH02,5,118,79
SKU0451,WH02,3,91,214
SKU0452,WH02,14,82,129
SKU0453,WH02,7,85,162
SKU0454,WH02,7,215,411
SKU0455,WH02,7,54,103
SKU0456,WH02,7,204,390
SKU0457,WH02,14,332,524
SKU0458,WH02,3,173,409
SKU0459,WH02,5,95,199
SKU0460,WH02,10,2309,4002
SKU0461,WH02,7,259,495
SKU0462,WH02,5,112,235
SKU0463,WH02,3,31,72
SKU0464,WH02,5,77,161
SKU0465,WH02,5,301,632
SKU0466,WH02,3,311,737
SKU0467,WH02,5,315,662
SKU0468,WH02,10,254,439
SKU0469,WH02,10,41,70
SKU0470,WH02,10,194,336
SKU0471,WH02,7,33,63
SKU0472,WH02,7,27,51
SKU0473,WH02,14,197,310
SKU0474,WH02,10,200,347
SKU0475,WH02,7,226,432
SKU0476,WH02,5,131,274
SKU0477,WH02,7,162,309
SKU0478,WH02,7,42,79
SKU0479,WH02,7,91,175
SKU0480,WH02,3,18,41
SKU0481,WH02,14,27,42
SKU0482,WH02,7,195,373
SKU0483,WH02,7,51,98
SKU0484,WH02,5,183,384
SKU0485,WH02,10,339,587
SKU0486,WH02,10,72,124
SKU0487,WH02,5,142,298
SKU0488,WH02,7,56,106
SKU0489,WH02,10,24,42
SKU0490,WH02,10,140,242
SKU0491,WH02,5,55,115
SKU0492,WH02,10,85,146
SKU0493,WH02,7,591,1133
SKU0494,WH02,5,22,45
SKU0495,WH02,5,118,247
SKU0496,WH02,5,34,72
SKU0497,WH02,5,189,396
SKU0498,WH02,7,131,251
SKU0499,WH02,10,176,305
SKU0500,WH02,5,36,75
SKU0501,WH02,14,80,126
SKU0502,WH02,5,192,403
SKU0503,WH02,7,492,943
SKU0504,WH02,14,244,385
SKU0505,WH02,10,56,97
SKU0506,WH02,7,136,260
SKU0507,WH02,10,1110,1924
SKU0508,WH02,5,92,192
SKU0509,WH02,3,249,590
SKU0510,WH02,7,52,99
SKU0511,WH02,5,81,169
SKU0512,WH02,7,175,335
SKU0513,WH02,5,120,250
SKU0514,WH02,14,80,126
SKU0515,WH02,10,61,105
SKU0516,WH02,10,304,527
SKU0517,WH02,10,365,633
SKU0518,WH02,5,325,682
SKU0519,WH02,3,338,802
SKU0520,WH02,10,141,245
SKU0521,WH02,7,76,145
SKU0522,WH02,7,337,646
SKU0523,WH02,7,190,364
SKU0524,WH02,7,42,80
SKU0525,WH02,5,33,69
SKU0526,WH02,7,156,299
SKU0527,WH02,7,86,164
SKU0528,WH02,7,98,187
SKU0529,WH02,14,416,656
SKU0530,WH02,7,198,380
SKU0531,WH02,10,414,717
SKU0532,WH02,10,22,39
SKU0533,WH02,5,105,220
SKU0534,WH02,10,234,405
SKU0535,WH02,7,26,49
SKU0536,WH02,7,56,107
SKU0537,WH02,3,32,75
SKU0538,WH02,14,162,255
SKU0539,WH02,14,685,1081
SKU0540,WH02,3,412,977
SKU0541,WH02,5,40,84
SKU0542,WH02,5,134,281
SKU0543,WH02,10,207,358
SKU0544,WH02,7,142,272
SKU0545,WH02,5,120,251
SKU0546,WH02,10,165,285
SKU0547,WH02,7,457,875
SKU0548,WH02,7,270,517
SKU0549,WH02,7,39,74
SKU0550,WH02,7,205,392
SKU0551,WH02,7,223,428
SKU0552,WH02,5,111,233
SKU0553,WH02,7,277,530
SKU0554,WH02,14,188,296
SKU0555,WH02,7,120,230
SKU0556,WH02,14,177,279
SKU0557,WH02,7,17,32
SKU0558,WH02,10,117,202
SKU0559,WH02,5,46,96
SKU0560,WH02,10,43,75
SKU0561,WH02,5,303,636
SKU0562,WH02,3,105,249
SKU0563,WH02,5,82,171
SKU0564,WH02,3,41,96
SKU0565,WH02,14,207,326
SKU0566,WH02,14,386,610
SKU0567,WH02,10,60,103
SKU0568,WH02,5,83,175
SKU0569,WH02,10,273,473
SKU0570,WH02,10,22,38
SKU0571,WH02,7,95,182
SKU0572,WH02,7,68,131
SKU0573,WH02,10,111,192
SKU0574,WH02,3,43,101
SKU0575,WH02,7,114,217
SKU0576,WH02,10,706,1223
SKU0577,WH02,5,63,131
SKU0578,WH02,7,130,249
SKU0579,WH02,7,602,1153
SKU0580,WH02,10,77,132
SKU0581,WH02,14,810,1279
SKU0582,WH02,10,126,218
SKU0583,WH02,7,497,952
SKU0584,WH02,7,197,377
SKU0585,WH02,7,132,253
SKU0586,WH02,7,95,181
SKU0587,WH02,3,38,91
SKU0588,WH02,10,134,232
SKU0589,WH02,10,280,486
SKU0590,WH02,7,99,190
SKU0591,WH02,10,94,163
SKU0592,WH02,10,100,173
SKU0593,WH02,7,245,468
SKU0594,WH02,3,201,477
SKU0595,WH02,3,37,87
SKU0596,WH02,7,55,105
SKU0597,WH02,7,141,270
SKU0598,WH02,5,330,692
SKU0599,WH02,5,234,491
SKU0600,WH02,5,27,57
SKU0601,WH02,10,99,171
SKU0602,WH02,10,55,94
SKU0603,WH02,7,79,151
SKU0604,WH02,5,353,741
SKU0605,WH02,5,24,49
SKU0606,WH02,5,20,41
SKU0607,WH02,7,48,91
SKU0608,WH02,3,87,205
SKU0609,WH02,7,175,335
SKU0610,WH02,14,235,371
SKU0611,WH02,7,288,552
SKU0612,WH02,10,26,45
SKU0613,WH02,5,243,510
SKU0614,WH02,5,63,132
SKU0615,WH02,14,306,483
SKU0616,WH02,7,31,59
SKU0617,WH02,7,101,193
SKU0618,WH02,14,196,309
SKU0619,WH02,7,283,542
SKU0620,WH02,7,24,46
SKU0621,WH02,7,103,197
SKU0622,WH02,3,26,60
SKU0623,WH02,5,132,276
SKU0624,WH02,3,135,319
SKU0625,WH02,10,398,690
SKU0626,WH02,10,78,134
SKU0627,WH02,5,192,403
SKU0628,WH02,5,284,595
SKU0629,WH02,10,29,50
SKU0630,WH02,14,275,434
SKU0631,WH02,5,198,415
SKU0632,WH02,7,80,152
SKU0633,WH02,10,42,73
SKU0634,WH02,10,292,506
SKU0635,WH02,14,54,85
SKU0636,WH02,5,71,149
SKU0637,WH02,5,81,169
SKU0638,WH02,7,191,365
SKU0639,WH02,5,48,100
SKU0640,WH02,10,68,117
SKU0641,WH02,3,73,173
SKU0642,WH02,7,248,474
SKU0643,WH02,14,1240,1957
SKU0644,WH02,14,41,65
SKU0645,WH02,10,166,288
SKU0646,WH02,14,60,94
SKU0647,WH02,3,167,396
SKU0648,WH02,7,43,83
SKU0649,WH02,3,37,87
SKU0650,WH02,14,94,147
SKU0651,WH02,14,148,234
SKU0652,WH02,3,90,212
SKU0653,WH02,3,103,245
SKU0654,WH02,7,100,191
SKU0655,WH02,5,26,53
SKU0656,WH02,10,241,417
SKU0657,WH02,5,80,167
SKU0658,WH02,10,356,616
SKU0659,WH02,7,53,102
SKU0660,WH02,7,24,46
SKU0661,WH02,5,81,170
SKU0662,WH02,14,508,802
SKU0663,WH02,7,116,222
SKU0664,WH02,7,84,160
SKU0665,WH02,7,46,88
SKU0666,WH02,14,770,1215
SKU0667,WH02,10,50,86
SKU0668,WH02,10,65,113
SKU0669,WH02,7,167,320
SKU0670,WH02,10,24,41
SKU0671,WH02,5,263,551
SKU0672,WH02,10,219,380
SKU0673,WH02,7,225,431
SKU0674,WH02,7,166,317
SKU0675,WH02,14,137,217
SKU0676,WH02,14,61,96
SKU0677,WH02,7,89,169
SKU0678,WH02,7,42,80
SKU0679,WH02,10,194,336
SKU0680,WH02,14,327,517
SKU0681,WH02,10,472,818
SKU0682,WH02,3,94,221
SKU0683,WH02,7,230,440
SKU0684,WH02,10,96,166
SKU0685,WH02,10,82,141
SKU0686,WH02,10,192,332
SKU0687,WH02,10,89,153
SKU0688,WH02,7,128,244
SKU0689,WH02,7,39,74
SKU0690,WH02,10,57,98
SKU0691,WH02,5,148,310
SKU0692,WH02,10,278,481
SKU0693,WH02,10,52,90
SKU0694,WH02,10,229,396
SKU0695,WH02,7,62,119
SKU0696,WH02,10,127,220
SKU0697,WH02,5,298,626
SKU0698,WH02,5,173,362
SKU0699,WH02,7,205,392
SKU0700,WH02,3,372,882
SKU0701,WH02,14,84,133
SKU0702,WH02,14,66,103
SKU0703,WH02,3,35,83
SKU0704,WH02,10,100,173
SKU0705,WH02,7,13,24
SKU0706,WH02,10,104,180
SKU0707,WH02,10,77,133
SKU0708,WH02,7,203,388
SKU0709,WH02,5,115,241
SKU0710,WH02,3,39,93
SKU0711,WH02,7,170,326
SKU0712,WH02,14,304,479
SKU0713,WH02,7,51,96
SKU0714,WH02,7,65,123
SKU0715,WH02,3,9,22
SKU0716,WH02,14,60,94
SKU0717,WH02,7,52,99
SKU0718,WH02,10,134,232
SKU0719,WH02,10,54,93
SKU0720,WH02,5,53,111
SKU0721,WH02,3,23,53
SKU0722,WH02,7,117,224
SKU0723,WH02,7,147,281
SKU0724,WH02,10,180,311
SKU0725,WH02,10,127,219
SKU0726,WH02,5,21,44
SKU0727,WH02,7,58,110
SKU0728,WH02,3,47,110
SKU0729,WH02,5,58,122
SKU0730,WH02,10,134,232
SKU0731,WH02,10,451,781
SKU0732,WH02,10,260,450
SKU0733,WH02,5,35,72
SKU0734,WH02,7,184,353
SKU0735,WH02,7,178,341
SKU0736,WH02,14,77,121
SKU0737,WH02,10,269,465
SKU0738,WH02,14,137,217
SKU0739,WH02,5,53,50
SKU0740,WH02,7,151,289
SKU0741,WH02,10,152,264
SKU0742,WH02,7,82,156
SKU0743,WH02,7,97,186
SKU0744,WH02,7,53,101
SKU0745,WH02,14,274,433
SKU0746,WH02,5,81,169
SKU0747,WH02,14,184,291
SKU0748,WH02,7,138,265
SKU0749,WH02,7,36,68
SKU0750,WH02,7,45,86
SKU0751,WH02,5,12,24
SKU0752,WH02,14,263,416
SKU0753,WH02,14,54,84
SKU0754,WH02,14,179,282
SKU0755,WH02,14,221,349
SKU0756,WH02,10,215,373
SKU0757,WH02,7,34,65
SKU0758,WH02,10,118,205
SKU0759,WH02,3,300,712
SKU0760,WH02,10,585,1013
SKU0761,WH02,7,243,466
SKU0762,WH02,10,170,294
SKU0763,WH02,7,41,78
SKU0764,WH02,7,191,366
SKU0765,WH02,3,58,138
SKU0766,WH02,7,166,318
SKU0767,WH02,7,57,109
SKU0768,WH02,5,72,150
SKU0769,WH02,5,97,203
SKU0770,WH02,7,125,239
SKU0771,WH02,7,156,299
SKU0772,WH02,10,75,129
SKU0773,WH02,5,25,53
SKU0774,WH02,7,432,827
SKU0775,WH02,5,783,1643
SKU0776,WH02,7,150,287
SKU0777,WH02,7,31,59
SKU0778,WH02,7,50,96
SKU0779,WH02,7,158,303
SKU0780,WH02,7,334,641
SKU0781,WH02,5,28,59
SKU0782,WH02,7,90,172
SKU0783,WH02,7,120,229
SKU0784,WH02,10,272,472
SKU0785,WH02,7,74,141
SKU0786,WH02,10,31,53
SKU0787,WH02,7,175,335
SKU0788,WH02,5,230,482
SKU0789,WH02,5,78,163
SKU0790,WH02,3,96,228
SKU0791,WH02,7,66,125
SKU0792,WH02,10,59,102
SKU0793,WH02,10,315,546
SKU0794,WH02,7,142,272
SKU0795,WH02,5,130,272
SKU0796,WH02,10,483,837
SKU0797,WH02,3,26,62
SKU0798,WH02,7,61,117
SKU0799,WH02,10,144,250
SKU0800,WH02,7,61,116
SKU0801,WH02,5,169,354
SKU0802,WH02,5,71,148
SKU0803,WH02,7,41,79
SKU0804,WH02,5,89,186
SKU0805,WH02,10,146,253
SKU0806,WH02,7,232,444
SKU0807,WH02,7,143,273
SKU0808,WH02,5,127,265
SKU0809,WH02,10,167,289
SKU0810,WH02,7,85,162
SKU0811,WH02,10,66,114
SKU0812,WH02,7,130,249
SKU0813,WH02,5,62,130
SKU0814,WH02,7,458,877
SKU0815,WH02,7,335,641
SKU0816,WH02,7,177,339
SKU0817,WH02,10,176,305
SKU0818,WH02,14,147,231
SKU0819,WH02,10,41,70
SKU0820,WH02,7,83,158
SKU0821,WH02,7,110,210
SKU0822,WH02,7,123,236
SKU0823,WH02,5,128,267
SKU0824,WH02,10,287,496
SKU0825,WH02,10,67,117
SKU0826,WH02,5,46,95
SKU0827,WH02,14,584,922
SKU0828,WH02,10,250,434
SKU0829,WH02,7,71,135
SKU0830,WH02,14,144,227
SKU0831,WH02,5,76,160
SKU0832,WH02,3,69,163
SKU0833,WH02,7,153,293
SKU0834,WH02,7,978,1875
SKU0835,WH02,7,119,228
SKU0836,WH02,14,288,454
SKU0837,WH02,5,19,39
SKU0838,WH02,5,54,113
SKU0839,WH02,7,302,579
SKU0840,WH02,3,96,228
SKU0841,WH02,10,3,5
SKU0842,WH02,7,184,352
SKU0843,WH02,14,889,1404
SKU0844,WH02,10,21,36
SKU0845,WH02,3,262,621
SKU0846,WH02,5,7,15
SKU0847,WH02,5,194,407
SKU0848,WH02,14,157,248
SKU0849,WH02,10,16,27
SKU0850,WH02,7,150,287
SKU0851,WH02,5,235,493
SKU0852,WH02,10,174,301
SKU0853,WH02,5,141,296
SKU0854,WH02,10,87,150
SKU0855,WH02,10,24,41
SKU0856,WH02,5,156,326
SKU0857,WH02,7,483,925
SKU0858,WH02,5,231,484
SKU0859,WH02,7,17,32
SKU0860,WH02,14,41,64
SKU0861,WH02,10,59,102
SKU0862,WH02,10,30,52
SKU0863,WH02,7,104,200
SKU0864,WH02,5,119,250
SKU0865,WH02,10,35,60
SKU0866,WH02,7,202,386
SKU0867,WH02,5,143,301
SKU0868,WH02,7,61,117
SKU0869,WH02,7,86,164
SKU0870,WH02,10,22,38
SKU0871,WH02,5,62,130
SKU0872,WH02,10,126,218
SKU0873,WH02,7,117,223
SKU0874,WH02,5,118,246
SKU0875,WH02,5,104,218
SKU0876,WH02,10,99,171
SKU0877,WH02,7,130,248
SKU0878,WH02,7,247,472
SKU0879,WH02,5,77,161
SKU0880,WH02,10,167,289
SKU0881,WH02,10,106,184
SKU0882,WH02,7,56,107
SKU0883,WH02,14,254,400
SKU0884,WH02,3,41,96
SKU0885,WH02,5,118,248
SKU0886,WH02,7,103,197
SKU0887,WH02,10,95,165
SKU0888,WH02,5,62,131
SKU0889,WH02,7,64,122
SKU0890,WH02,7,23,44
SKU0891,WH02,7,141,271
SKU0892,WH02,10,154,267
SKU0893,WH02,14,340,537
SKU0894,WH02,7,62,119
SKU0895,WH02,7,550,1055
SKU0896,WH02,7,71,137
SKU0897,WH02,7,46,88
SKU0898,WH02,5,35,72
SKU0899,WH02,14,34,53
SKU0900,WH02,5,331,695
SKU0901,WH02,10,429,744
SKU0902,WH02,5,143,301
SKU0903,WH02,10,56,97
SKU0904,WH02,5,425,893
SKU0905,WH02,14,116,182
SKU0906,WH02,10,99,170
SKU0907,WH02,5,304,638
SKU0908,WH02,10,226,392
SKU0909,WH02,7,725,1388
SKU0910,WH02,7,125,240
SKU0911,WH02,5,59,123
SKU0912,WH02,10,72,125
SKU0913,WH02,10,24,42
SKU0914,WH02,7,78,149
SKU0915,WH02,10,350,607
SKU0916,WH02,5,143,300
SKU0917,WH02,3,68,162
SKU0918,WH02,7,41,79
SKU0919,WH02,5,103,215
SKU0920,WH02,5,208,435
SKU0921,WH02,7,148,283
SKU0922,WH02,5,97,204
SKU0923,WH02,5,41,86
SKU0924,WH02,10,273,473
SKU0925,WH02,7,6,12
SKU0926,WH02,10,177,306
SKU0927,WH02,7,1010,1936
SKU0928,WH02,7,26,50
SKU0929,WH02,5,67,141
SKU0930,WH02,10,124,215
SKU0931,WH02,5,55,116
SKU0932,WH02,5,212,445
SKU0933,WH02,10,192,332
SKU0934,WH02,10,144,249
SKU0935,WH02,7,205,393
SKU0936,WH02,3,68,161
SKU0937,WH02,5,1457,3058
SKU0938,WH02,7,115,220
SKU0939,WH02,10,149,258
SKU0940,WH02,7,22,42
SKU0941,WH02,3,41,97
SKU0942,WH02,5,234,491
SKU0943,WH02,7,31,58
SKU0944,WH02,10,18,32
SKU0945,WH02,3,69,163
SKU0946,WH02,3,229,544
SKU0947,WH02,5,87,182
SKU0948,WH02,5,62,130
SKU0949,WH02,7,19,36
SKU0950,WH02,5,126,263
SKU0951,WH02,7,182,348
SKU0952,WH02,10,26,44
SKU0953,WH02,14,440,694
SKU0954,WH02,14,316,498
SKU0955,WH02,5,231,485
SKU0956,WH02,3,113,268
SKU0957,WH02,7,180,345
SKU0958,WH02,10,200,346
SKU0959,WH02,3,146,346
SKU0960,WH02,7,20,38
SKU0961,WH02,5,22,46
SKU0962,WH02,5,43,91
SKU0963,WH02,10,112,193
SKU0964,WH02,10,178,307
SKU0965,WH02,7,134,257
SKU0966,WH02,14,433,683
SKU0967,WH02,5,235,492
SKU0968,WH02,5,38,80
SKU0969,WH02,7,124,238
SKU0970,WH02,10,59,101
SKU0971,WH02,7,85,162
SKU0972,WH02,3,89,212
SKU0973,WH02,14,8,12
SKU0974,WH02,7,875,1677
SKU0975,WH02,7,167,319
SKU0976,WH02,7,59,112
SKU0977,WH02,14,897,1416
SKU0978,WH02,10,92,159
SKU0979,WH02,14,179,282
SKU0980,WH02,5,54,113
SKU0981,WH02,7,442,847
SKU0982,WH02,10,114,197
SKU0983,WH02,7,115,220
SKU0984,WH02,7,296,566
SKU0985,WH02,14,268,423
SKU0986,WH02,5,80,167
SKU0987,WH02,7,272,521
SKU0988,WH02,10,1227,2126
SKU0989,WH02,14,211,333
SKU0990,WH02,14,176,278
SKU0991,WH02,10,146,253
SKU0992,WH02,3,217,515
SKU0993,WH02,14,93,146
SKU0994,WH02,7,78,150
SKU0995,WH02,10,32,55
SKU0996,WH02,7,35,66
SKU0997,WH02,10,79,136
SKU0998,WH02,7,95,183
SKU0999,WH02,10,614,1064
SKU1000,WH02,5,135,284
SKU0001,WH03,7,102,196
SKU0002,WH03,3,400,950
SKU0003,WH03,10,213,368
SKU0004,WH03,5,18,38
SKU0005,WH03,7,7,12
SKU0006,WH03,3,131,309
SKU0007,WH03,5,78,162
SKU0008,WH03,7,282,540
SKU0009,WH03,7,46,88
SKU0010,WH03,5,116,242
SKU0011,WH03,5,180,378
SKU0012,WH03,5,57,118
SKU0013,WH03,7,69,132
SKU0014,WH03,5,86,181
SKU0015,WH03,7,165,315
SKU0016,WH03,10,125,216
SKU0017,WH03,7,243,465
SKU0018,WH03,7,67,128
SKU0019,WH03,5,26,54
SKU0020,WH03,14,947,1494
SKU0021,WH03,7,59,113
SKU0022,WH03,5,51,106
SKU0023,WH03,14,151,238
SKU0024,WH03,10,134,233
SKU0025,WH03,7,72,137
SKU0026,WH03,10,125,216
SKU0027,WH03,3,65,155
SKU0028,WH03,10,148,256
SKU0029,WH03,10,16,27
SKU0030,WH03,7,549,1051
SKU0031,WH03,5,74,155
SKU0032,WH03,5,142,298
SKU0033,WH03,14,47,73
SKU0034,WH03,5,55,116
SKU0035,WH03,5,46,97
SKU0036,WH03,10,474,821
SKU0037,WH03,10,75,129
SKU0038,WH03,5,167,350
SKU0039,WH03,10,71,122
SKU0040,WH03,7,68,129
SKU0041,WH03,10,102,176
SKU0042,WH03,5,267,561
SKU0043,WH03,3,13,30
SKU0044,WH03,7,31,60
SKU0045,WH03,5,15,31
SKU0046,WH03,7,38,73
SKU0047,WH03,3,33,77
SKU0048,WH03,10,30,52
SKU0049,WH03,10,66,113
SKU0050,WH03,10,21,36
SKU0051,WH03,14,64,101
SKU0052,WH03,14,471,743
SKU0053,WH03,7,146,278
SKU0054,WH03,7,120,229
SKU0055,WH03,10,52,89
SKU0056,WH03,14,41,64
SKU0057,WH03,14,58,91
SKU0058,WH03,10,122,211
SKU0059,WH03,5,184,386
SKU0060,WH03,14,360,568
SKU0061,WH03,14,282,445
SKU0062,WH03,10,65,113
SKU0063,WH03,10,129,224
SKU0064,WH03,7,76,145
SKU0065,WH03,14,134,211
SKU0066,WH03,5,526,1104
SKU0067,WH03,10,26,45
SKU0068,WH03,3,55,130
SKU0069,WH03,7,301,576
SKU0070,WH03,5,23,48
SKU0071,WH03,7,57,109
SKU0072,WH03,5,53,110
SKU0073,WH03,14,131,207
SKU0074,WH03,7,24,46
SKU0075,WH03,10,216,374
SKU0076,WH03,5,154,322
SKU0077,WH03,3,107,253
SKU0078,WH03,10,58,100
SKU0079,WH03,10,137,237
SKU0080,WH03,7,45,87
SKU0081,WH03,10,94,162
SKU0082,WH03,10,876,1518
SKU0083,WH03,7,110,211
SKU0084,WH03,14,55,87
SKU0085,WH03,10,149,257
SKU0086,WH03,10,38,65
SKU0087,WH03,7,35,66
SKU0088,WH03,3,27,63
SKU0089,WH03,5,57,119
SKU0090,WH03,10,293,508
SKU0091,WH03,10,213,368
SKU0092,WH03,7,162,310
SKU0093,WH03,7,38,72
SKU0094,WH03,5,154,109
SKU0095,WH03,5,108,226
SKU0096,WH03,14,91,144
SKU0097,WH03,7,79,151
SKU0098,WH03,5,126,263
SKU0099,WH03,7,74,142
SKU0100,WH03,7,124,237
SKU0101,WH03,10,529,917
SKU0102,WH03,14,137,216
SKU0103,WH03,7,292,559
SKU0104,WH03,7,167,320
SKU0105,WH03,7,27,52
SKU0106,WH03,7,38,72
SKU0107,WH03,7,48,92
SKU0108,WH03,3,32,74
SKU0109,WH03,10,117,202
SKU0110,WH03,7,176,337
SKU0111,WH03,7,313,599
SKU0112,WH03,5,111,233
SKU0113,WH03,10,85,147
SKU0114,WH03,5,13,28
SKU0115,WH03,7,108,206
SKU0116,WH03,10,130,224
SKU0117,WH03,7,119,228
SKU0118,WH03,14,1063,1679
SKU0119,WH03,5,257,539
SKU0120,WH03,10,256,443
SKU0121,WH03,14,68,107
SKU0122,WH03,7,64,122
SKU0123,WH03,10,116,201
SKU0124,WH03,7,51,97
SKU0125,WH03,10,198,343
SKU0126,WH03,14,221,348
SKU0127,WH03,10,48,83
SKU0128,WH03,14,469,741
SKU0129,WH03,7,111,212
SKU0130,WH03,7,22,41
SKU0131,WH03,7,97,185
SKU0132,WH03,10,163,282
SKU0133,WH03,10,303,525
SKU0134,WH03,7,75,143
SKU0135,WH03,5,178,372
SKU0136,WH03,7,120,229
SKU0137,WH03,10,39,67
SKU0138,WH03,14,45,71
SKU0139,WH03,5,231,485
SKU0140,WH03,5,247,518
SKU0141,WH03,7,135,259
SKU0142,WH03,5,323,679
SKU0143,WH03,14,414,653
SKU0144,WH03,7,187,358
SKU0145,WH03,7,45,86
SKU0146,WH03,5,400,839
SKU0147,WH03,7,164,314
SKU0148,WH03,14,113,179
SKU0149,WH03,7,56,106
SKU0150,WH03,3,85,202
SKU0151,WH03,5,19,40
SKU0152,WH03,14,300,474
SKU0153,WH03,14,68,107
SKU0154,WH03,5,118,247
SKU0155,WH03,7,64,121
SKU0156,WH03,3,53,126
SKU0157,WH03,7,52,98
SKU0158,WH03,5,73,153
SKU0159,WH03,10,691,1197
SKU0160,WH03,14,556,877
SKU0161,WH03,5,116,243
SKU0162,WH03,7,99,189
SKU0163,WH03,5,180,378
SKU0164,WH03,7,279,535
SKU0165,WH03,3,32,76
SKU0166,WH03,5,79,165
SKU0167,WH03,14,31,49
SKU0168,WH03,3,185,439
SKU0169,WH03,10,809,1402
SKU0170,WH03,3,73,172
SKU0171,WH03,7,15,29
SKU0172,WH03,7,175,335
SKU0173,WH03,14,71,112
SKU0174,WH03,5,47,98
SKU0175,WH03,5,148,311
SKU0176,WH03,10,159,275
SKU0177,WH03,10,82,141
SKU0178,WH03,10,71,122
SKU0179,WH03,3,76,179
SKU0180,WH03,5,59,123
SKU0181,WH03,10,47,81
SKU0182,WH03,7,75,144
SKU0183,WH03,7,137,263
SKU0184,WH03,5,72,151
SKU0185,WH03,5,24,50
SKU0186,WH03,14,389,614
SKU0187,WH03,10,11,19
SKU0188,WH03,5,57,119
SKU0189,WH03,14,92,145
SKU0190,WH03,7,116,221
SKU0191,WH03,7,168,321
SKU0192,WH03,7,278,533
SKU0193,WH03,10,67,116
SKU0194,WH03,7,171,328
SKU0195,WH03,7,121,231
SKU0196,WH03,10,28,47
SKU0197,WH03,5,465,977
SKU0198,WH03,14,44,70
SKU0199,WH03,7,148,282
SKU0200,WH03,7,144,275
SKU0201,WH03,10,162,280
SKU0202,WH03,7,65,124
SKU0203,WH03,7,213,407
SKU0204,WH03,7,25,48
SKU0205,WH03,14,151,238
SKU0206,WH03,10,76,132
SKU0207,WH03,10,69,119
SKU0208,WH03,5,124,260
SKU0209,WH03,7,266,510
SKU0210,WH03,7,75,142
SKU0211,WH03,3,136,323
SKU0212,WH03,10,132,229
SKU0213,WH03,7,46,87
SKU0214,WH03,5,67,140
SKU0215,WH03,5,65,135
SKU0216,WH03,5,45,95
SKU0217,WH03,7,149,285
SKU0218,WH03,7,125,239
SKU0219,WH03,7,25,47
SKU0220,WH03,5,20,40
SKU0221,WH03,5,124,259
SKU0222,WH03,10,61,105
SKU0223,WH03,5,111,232
SKU0224,WH03,7,204,391
SKU0225,WH03,7,33,62
SKU0226,WH03,7,29,55
SKU0227,WH03,10,569,987
SKU0228,WH03,7,139,266
SKU0229,WH03,14,110,173
SKU0230,WH03,10,55,95
SKU0231,WH03,5,54,112
SKU0232,WH03,5,29,61
SKU0233,WH03,7,224,429
SKU0234,WH03,7,51,97
SKU0235,WH03,7,270,518
SKU0236,WH03,5,59,124
SKU0237,WH03,5,33,70
SKU0238,WH03,7,69,132
SKU0239,WH03,10,12,21
SKU0240,WH03,10,114,196
SKU0241,WH03,14,137,217
SKU0242,WH03,5,177,371
SKU0243,WH03,7,19,36
SKU0244,WH03,14,455,718
SKU0245,WH03,10,264,458
SKU0246,WH03,7,312,597
SKU0247,WH03,7,97,185
SKU0248,WH03,3,168,398
SKU0249,WH03,10,34,59
SKU0250,WH03,7,192,368
SKU0251,WH03,7,51,97
SKU0252,WH03,7,23,44
SKU0253,WH03,7,37,71
SKU0254,WH03,5,85,178
SKU0255,WH03,10,61,105
SKU0256,WH03,7,142,272
SKU0257,WH03,3,14,32
SKU0258,WH03,7,15,29
SKU0259,WH03,14,550,867
SKU0260,WH03,7,228,436
SKU0261,WH03,7,40,76
SKU0262,WH03,7,101,193
SKU0263,WH03,10,316,547
SKU0264,WH03,10,184,319
SKU0265,WH03,10,145,250
SKU0266,WH03,5,226,473
SKU0267,WH03,14,83,131
SKU0268,WH03,14,165,260
SKU0269,WH03,7,100,191
SKU0270,WH03,7,79,152
SKU0271,WH03,5,60,125
SKU0272,WH03,7,108,207
SKU0273,WH03,5,87,183
SKU0274,WH03,3,27,63
SKU0275,WH03,14,329,519
SKU0276,WH03,5,35,74
SKU0277,WH03,7,83,159
SKU0278,WH03,7,78,149
SKU0279,WH03,7,140,267
SKU0280,WH03,7,15,29
SKU0281,WH03,7,225,431
SKU0282,WH03,7,55,106
SKU0283,WH03,14,479,756
SKU0284,WH03,7,66,126
SKU0285,WH03,14,153,242
SKU0286,WH03,10,706,1224
SKU0287,WH03,7,79,151
SKU0288,WH03,5,257,539
SKU0289,WH03,3,70,166
SKU0290,WH03,10,184,318
SKU0291,WH03,7,108,206
SKU0292,WH03,7,217,415
SKU0293,WH03,10,69,118
SKU0294,WH03,7,42,80
SKU0295,WH03,10,71,123
SKU0296,WH03,7,111,212
SKU0297,WH03,14,131,207
SKU0298,WH03,5,160,335
SKU0299,WH03,5,272,572
SKU0300,WH03,10,53,91
SKU0301,WH03,5,44,92
SKU0302,WH03,14,44,70
SKU0303,WH03,10,784,1359
SKU0304,WH03,5,111,233
SKU0305,WH03,5,130,272
SKU0306,WH03,14,48,76
SKU0307,WH03,7,101,194
SKU0308,WH03,10,200,346
SKU0309,WH03,5,67,141
SKU0310,WH03,14,421,664
SKU0311,WH03,7,808,1549
SKU0312,WH03,10,54,94
SKU0313,WH03,7,41,78
SKU0314,WH03,3,31,73
SKU0315,WH03,14,678,1070
SKU0316,WH03,14,408,645
SKU0317,WH03,7,90,172
SKU0318,WH03,14,331,261
SKU0319,WH03,5,41,85
SKU0320,WH03,5,188,394
SKU0321,WH03,3,48,114
SKU0322,WH03,7,80,153
SKU0323,WH03,3,117,277
SKU0324,WH03,7,86,164
SKU0325,WH03,5,69,143
SKU0326,WH03,10,128,221
SKU0327,WH03,10,258,447
SKU0328,WH03,10,555,962
SKU0329,WH03,5,143,299
SKU0330,WH03,10,260,451
SKU0331,WH03,5,71,148
SKU0332,WH03,10,67,116
SKU0333,WH03,7,182,349
SKU0334,WH03,7,118,226
SKU0335,WH03,5,24,50
SKU0336,WH03,10,94,163
SKU0337,WH03,14,149,234
SKU0338,WH03,10,80,139
SKU0339,WH03,14,606,957
SKU0340,WH03,14,246,389
SKU0341,WH03,5,290,608
SKU0342,WH03,10,160,277
SKU0343,WH03,7,109,208
SKU0344,WH03,7,44,84
SKU0345,WH03,5,85,179
SKU0346,WH03,14,162,256
SKU0347,WH03,10,37,64
SKU0348,WH03,5,52,109
SKU0349,WH03,7,76,145
SKU0350,WH03,7,147,281
SKU0351,WH03,10,191,331
SKU0352,WH03,14,95,150
SKU0353,WH03,7,154,295
SKU0354,WH03,7,86,165
SKU0355,WH03,7,8,15
SKU0356,WH03,7,66,125
SKU0357,WH03,7,267,511
SKU0358,WH03,5,19,39
SKU0359,WH03,5,94,196
SKU0360,WH03,7,420,805
SKU0361,WH03,14,81,128
SKU0362,WH03,7,102,194
SKU0363,WH03,5,26,55
SKU0364,WH03,10,546,946
SKU0365,WH03,14,149,234
SKU0366,WH03,7,106,202
SKU0367,WH03,3,228,541
SKU0368,WH03,10,229,397
SKU0369,WH03,7,46,88
SKU0370,WH03,10,71,123
SKU0371,WH03,5,132,276
SKU0372,WH03,3,39,92
SKU0373,WH03,7,15,29
SKU0374,WH03,10,121,209
SKU0375,WH03,7,27,52
SKU0376,WH03,5,360,756
SKU0377,WH03,7,119,227
SKU0378,WH03,10,56,97
SKU0379,WH03,5,45,95
SKU0380,WH03,10,24,40
SKU0381,WH03,10,47,82
SKU0382,WH03,7,252,483
SKU0383,WH03,14,1190,1879
SKU0384,WH03,10,243,421
SKU0385,WH03,7,93,178
SKU0386,WH03,3,46,109
SKU0387,WH03,7,43,82
SKU0388,WH03,5,537,1127
SKU0389,WH03,7,86,164
SKU0390,WH03,14,1072,1693
SKU0391,WH03,10,442,766
SKU0392,WH03,7,22,41
SKU0393,WH03,7,56,107
SKU0394,WH03,3,37,88
SKU0395,WH03,7,94,180
SKU0396,WH03,3,64,152
SKU0397,WH03,14,2368,3739
SKU0398,WH03,10,48,83
SKU0399,WH03,5,104,217
SKU0400,WH03,10,220,381
SKU0401,WH03,7,101,193
SKU0402,WH03,10,140,242
SKU0403,WH03,7,40,76
SKU0404,WH03,5,93,195
SKU0405,WH03,7,160,307
SKU0406,WH03,5,113,237
SKU0407,WH03,7,169,323
SKU0408,WH03,5,300,630
SKU0409,WH03,10,293,508
SKU0410,WH03,10,135,233
SKU0411,WH03,5,30,62
SKU0412,WH03,7,59,113
SKU0413,WH03,10,104,180
SKU0414,WH03,5,106,222
SKU0415,WH03,7,66,126
SKU0416,WH03,10,55,95
SKU0417,WH03,7,35,67
SKU0418,WH03,10,29,50
SKU0419,WH03,7,82,157
SKU0420,WH03,7,27,52
SKU0421,WH03,5,35,72
SKU0422,WH03,3,48,113
SKU0423,WH03,3,21,48
SKU0424,WH03,14,225,355
SKU0425,WH03,10,246,426
SKU0426,WH03,10,77,134
SKU0427,WH03,5,57,120
SKU0428,WH03,7,164,314
SKU0429,WH03,10,67,115
SKU0430,WH03,10,63,109
SKU0431,WH03,5,247,519
SKU0432,WH03,10,280,485
SKU0433,WH03,5,145,304
SKU0434,WH03,5,194,406
SKU0435,WH03,14,27,43
SKU0436,WH03,7,342,654
SKU0437,WH03,7,144,276
SKU0438,WH03,7,251,481
SKU0439,WH03,14,227,358
SKU0440,WH03,5,88,185
SKU0441,WH03,10,99,171
SKU0442,WH03,7,141,269
SKU0443,WH03,5,64,134
SKU0444,WH03,7,221,423
SKU0445,WH03,7,25,47
SKU0446,WH03,5,52,109
SKU0447,WH03,7,636,1218
SKU0448,WH03,7,58,111
SKU0449,WH03,7,82,156
SKU0450,WH03,10,57,99
SKU0451,WH03,10,171,296
SKU0452,WH03,7,52,100
SKU0453,WH03,7,86,164
SKU0454,WH03,7,217,415
SKU0455,WH03,7,54,104
SKU0456,WH03,5,171,359
SKU0457,WH03,7,212,406
SKU0458,WH03,5,218,457
SKU0459,WH03,7,115,220
SKU0460,WH03,14,2952,4661
SKU0461,WH03,7,261,500
SKU0462,WH03,7,136,259
SKU0463,WH03,7,46,88
SKU0464,WH03,10,116,201
SKU0465,WH03,7,365,698
SKU0466,WH03,7,470,901
SKU0467,WH03,10,477,827
SKU0468,WH03,3,137,324
SKU0469,WH03,7,33,63
SKU0470,WH03,7,157,300
SKU0471,WH03,10,42,72
SKU0472,WH03,14,42,67
SKU0473,WH03,10,157,271
SKU0474,WH03,7,162,310
SKU0475,WH03,5,190,398
SKU0476,WH03,7,158,303
SKU0477,WH03,10,204,353
SKU0478,WH03,14,66,104
SKU0479,WH03,10,115,199
SKU0480,WH03,5,22,46
SKU0481,WH03,10,21,37
SKU0482,WH03,10,246,426
SKU0483,WH03,10,64,111
SKU0484,WH03,10,277,480
SKU0485,WH03,7,274,525
SKU0486,WH03,7,58,111
SKU0487,WH03,5,143,301
SKU0488,WH03,5,47,98
SKU0489,WH03,10,24,42
SKU0490,WH03,14,179,282
SKU0491,WH03,10,83,144
SKU0492,WH03,7,68,131
SKU0493,WH03,5,498,1045
SKU0494,WH03,5,22,45
SKU0495,WH03,10,178,309
SKU0496,WH03,10,52,90
SKU0497,WH03,14,362,571
SKU0498,WH03,7,132,253
SKU0499,WH03,7,142,272
SKU0500,WH03,10,54,94
SKU0501,WH03,5,43,89
SKU0502,WH03,14,368,581
SKU0503,WH03,7,497,952
SKU0504,WH03,3,104,246
SKU0505,WH03,3,30,72
SKU0506,WH03,10,172,297
SKU0507,WH03,7,897,1718
SKU0508,WH03,10,139,240
SKU0509,WH03,10,470,815
SKU0510,WH03,7,52,100
SKU0511,WH03,10,122,211
SKU0512,WH03,14,279,441
SKU0513,WH03,5,121,253
SKU0514,WH03,10,64,110
SKU0515,WH03,7,49,94
SKU0516,WH03,7,246,471
SKU0517,WH03,7,295,565
SKU0518,WH03,10,492,853
SKU0519,WH03,3,341,810
SKU0520,WH03,7,114,219
SKU0521,WH03,10,96,166
SKU0522,WH03,5,284,596
SKU0523,WH03,10,240,416
SKU0524,WH03,14,66,105
SKU0525,WH03,5,34,70
SKU0526,WH03,5,131,275
SKU0527,WH03,14,137,215
SKU0528,WH03,5,83,173
SKU0529,WH03,3,177,420
SKU0530,WH03,14,317,500
SKU0531,WH03,10,418,724
SKU0532,WH03,10,23,39
SKU0533,WH03,7,127,243
SKU0534,WH03,14,299,472
SKU0535,WH03,10,32,56
SKU0536,WH03,10,70,122
SKU0537,WH03,10,60,103
SKU0538,WH03,10,129,223
SKU0539,WH03,7,437,837
SKU0540,WH03,7,623,1194
SKU0541,WH03,7,49,93
SKU0542,WH03,7,162,311
SKU0543,WH03,7,167,320
SKU0544,WH03,7,143,274
SKU0545,WH03,10,181,313
SKU0546,WH03,7,133,255
SKU0547,WH03,3,308,730
SKU0548,WH03,5,227,476
SKU0549,WH03,5,33,68
SKU0550,WH03,10,258,448
SKU0551,WH03,7,226,432
SKU0552,WH03,5,112,235
SKU0553,WH03,10,349,605
SKU0554,WH03,3,80,190
SKU0555,WH03,5,101,212
SKU0556,WH03,10,141,244
SKU0557,WH03,7,17,32
SKU0558,WH03,10,118,204
SKU0559,WH03,10,70,120
SKU0560,WH03,14,55,87
SKU0561,WH03,3,245,581
SKU0562,WH03,10,199,344
SKU0563,WH03,10,123,213
SKU0564,WH03,5,51,107
SKU0565,WH03,14,209,330
SKU0566,WH03,7,247,472
SKU0567,WH03,10,60,104
SKU0568,WH03,7,101,193
SKU0569,WH03,7,221,423
SKU0570,WH03,5,15,31
SKU0571,WH03,14,152,240
SKU0572,WH03,7,69,132
SKU0573,WH03,3,60,142
SKU0574,WH03,3,43,102
SKU0575,WH03,10,143,248
SKU0576,WH03,5,475,997
SKU0577,WH03,7,76,145
SKU0578,WH03,10,164,285
SKU0579,WH03,5,506,1063
SKU0580,WH03,7,62,118
SKU0581,WH03,5,431,904
SKU0582,WH03,14,161,254
SKU0583,WH03,10,627,1087
SKU0584,WH03,5,166,347
SKU0585,WH03,7,133,255
SKU0586,WH03,7,96,183
SKU0587,WH03,14,92,144
SKU0588,WH03,7,108,207
SKU0589,WH03,7,227,434
SKU0590,WH03,14,158,250
SKU0591,WH03,5,64,133
SKU0592,WH03,7,81,155
SKU0593,WH03,5,206,432
SKU0594,WH03,7,304,583
SKU0595,WH03,7,56,107
SKU0596,WH03,14,88,139
SKU0597,WH03,7,142,272
SKU0598,WH03,5,333,698
SKU0599,WH03,10,354,613
SKU0600,WH03,10,41,71
SKU0601,WH03,10,100,173
SKU0602,WH03,10,55,95
SKU0603,WH03,5,67,139
SKU0604,WH03,7,428,819
SKU0605,WH03,3,19,45
SKU0606,WH03,5,20,42
SKU0607,WH03,14,76,120
SKU0608,WH03,10,164,283
SKU0609,WH03,5,147,309
SKU0610,WH03,5,125,262
SKU0611,WH03,14,460,727
SKU0612,WH03,5,18,37
SKU0613,WH03,5,245,515
SKU0614,WH03,5,64,134
SKU0615,WH03,3,130,309
SKU0616,WH03,7,31,59
SKU0617,WH03,14,161,254
SKU0618,WH03,7,125,240
SKU0619,WH03,7,286,547
SKU0620,WH03,10,31,53
SKU0621,WH03,7,104,199
SKU0622,WH03,10,48,83
SKU0623,WH03,10,199,345
SKU0624,WH03,7,203,390
SKU0625,WH03,7,322,616
SKU0626,WH03,10,78,135
SKU0627,WH03,10,291,504
SKU0628,WH03,10,430,744
SKU0629,WH03,5,20,41
SKU0630,WH03,10,219,380
SKU0631,WH03,10,299,518
SKU0632,WH03,5,67,140
SKU0633,WH03,10,43,74
SKU0634,WH03,7,236,452
SKU0635,WH03,5,29,60
SKU0636,WH03,10,108,187
SKU0637,WH03,5,82,171
SKU0638,WH03,7,193,369
SKU0639,WH03,7,58,110
SKU0640,WH03,10,69,118
SKU0641,WH03,7,111,212
SKU0642,WH03,10,312,541
SKU0643,WH03,10,988,1712
SKU0644,WH03,7,26,50
SKU0645,WH03,14,213,335
SKU0646,WH03,10,48,83
SKU0647,WH03,7,253,484
SKU0648,WH03,14,69,109
SKU0649,WH03,7,55,106
SKU0650,WH03,3,40,94
SKU0651,WH03,5,79,165
SKU0652,WH03,7,135,259
SKU0653,WH03,5,130,273
SKU0654,WH03,7,101,193
SKU0655,WH03,7,31,59
SKU0656,WH03,7,195,373
SKU0657,WH03,3,65,153
SKU0658,WH03,10,359,622
SKU0659,WH03,7,54,103
SKU0660,WH03,5,20,42
SKU0661,WH03,7,98,188
SKU0662,WH03,7,324,621
SKU0663,WH03,7,117,224
SKU0664,WH03,7,85,162
SKU0665,WH03,3,31,73
SKU0666,WH03,10,614,1063
SKU0667,WH03,7,40,77
SKU0668,WH03,3,35,84
SKU0669,WH03,10,211,365
SKU0670,WH03,10,24,42
SKU0671,WH03,7,318,609
SKU0672,WH03,7,177,339
SKU0673,WH03,7,227,435
SKU0674,WH03,7,167,320
SKU0675,WH03,3,59,139
SKU0676,WH03,5,33,68
SKU0677,WH03,14,141,223
SKU0678,WH03,10,53,91
SKU0679,WH03,7,157,300
SKU0680,WH03,5,174,365
SKU0681,WH03,10,477,826
SKU0682,WH03,5,118,247
SKU0683,WH03,5,194,406
SKU0684,WH03,5,65,136
SKU0685,WH03,10,82,143
SKU0686,WH03,7,155,297
SKU0687,WH03,3,48,113
SKU0688,WH03,5,108,225
SKU0689,WH03,7,39,75
SKU0690,WH03,7,46,88
SKU0691,WH03,10,224,388
SKU0692,WH03,5,187,392
SKU0693,WH03,10,52,90
SKU0694,WH03,14,292,461
SKU0695,WH03,7,63,120
SKU0696,WH03,5,86,180
SKU0697,WH03,10,452,783
SKU0698,WH03,7,209,400
SKU0699,WH03,3,138,327
SKU0700,WH03,7,562,1078
SKU0701,WH03,14,85,134
SKU0702,WH03,7,42,80
SKU0703,WH03,10,66,115
SKU0704,WH03,7,81,154
SKU0705,WH03,7,13,24
SKU0706,WH03,3,56,133
SKU0707,WH03,7,62,119
SKU0708,WH03,5,171,358
SKU0709,WH03,7,139,266
SKU0710,WH03,5,49,103
SKU0711,WH03,7,172,329
SKU0712,WH03,7,194,371
SKU0713,WH03,3,34,80
SKU0714,WH03,5,54,114
SKU0715,WH03,14,22,35
SKU0716,WH03,3,26,60
SKU0717,WH03,7,52,100
SKU0718,WH03,7,108,207
SKU0719,WH03,7,44,83
SKU0720,WH03,10,80,138
SKU0721,WH03,5,28,59
SKU0722,WH03,7,118,226
SKU0723,WH03,7,148,284
SKU0724,WH03,7,145,278
SKU0725,WH03,14,162,255
SKU0726,WH03,14,40,63
SKU0727,WH03,5,49,102
SKU0728,WH03,7,70,134
SKU0729,WH03,5,59,123
SKU0730,WH03,5,210,189
SKU0731,WH03,7,364,698
SKU0732,WH03,7,210,402
SKU0733,WH03,7,42,80
SKU0734,WH03,5,155,325
SKU0735,WH03,5,150,315
SKU0736,WH03,14,78,123
SKU0737,WH03,14,343,542
SKU0738,WH03,3,59,139
SKU0739,WH03,10,36,62
SKU0740,WH03,7,152,292
SKU0741,WH03,10,154,266
SKU0742,WH03,7,83,158
SKU0743,WH03,10,122,212
SKU0744,WH03,3,36,84
SKU0745,WH03,7,175,335
SKU0746,WH03,14,154,243
SKU0747,WH03,5,98,205
SKU0748,WH03,5,116,244
SKU0749,WH03,10,45,78
SKU0750,WH03,10,57,98
SKU0751,WH03,10,18,30
SKU0752,WH03,10,210,364
SKU0753,WH03,10,43,74
SKU0754,WH03,5,95,199
SKU0755,WH03,7,141,270
SKU0756,WH03,10,217,376
SKU0757,WH03,10,43,74
SKU0758,WH03,5,80,167
SKU0759,WH03,5,378,794
SKU0760,WH03,10,590,1023
SKU0761,WH03,5,205,430
SKU0762,WH03,3,92,217
SKU0763,WH03,10,52,89
SKU0764,WH03,7,193,370
SKU0765,WH03,7,88,168
SKU0766,WH03,3,112,265
SKU0767,WH03,3,39,91
SKU0768,WH03,10,108,187
SKU0769,WH03,7,117,225
SKU0770,WH03,5,105,221
SKU0771,WH03,7,158,302
SKU0772,WH03,5,50,105
SKU0773,WH03,5,26,53
SKU0774,WH03,5,363,762
SKU0775,WH03,7,948,1817
SKU0776,WH03,5,126,264
SKU0777,WH03,7,31,59
SKU0778,WH03,7,51,97
SKU0779,WH03,7,160,306
SKU0780,WH03,5,281,591
SKU0781,WH03,3,23,54
SKU0782,WH03,3,61,143
SKU0783,WH03,7,121,231
SKU0784,WH03,10,275,476
SKU0785,WH03,5,62,130
SKU0786,WH03,10,31,54
SKU0787,WH03,10,221,383
SKU0788,WH03,3,186,440
SKU0789,WH03,3,63,149
SKU0790,WH03,5,122,255
SKU0791,WH03,3,132,105
SKU0792,WH03,7,48,91
SKU0793,WH03,3,170,403
SKU0794,WH03,10,179,310
SKU0795,WH03,7,157,301
SKU0796,WH03,10,488,845
SKU0797,WH03,10,49,85
SKU0798,WH03,7,62,118
SKU0799,WH03,14,185,291
SKU0800,WH03,14,97,152
SKU0801,WH03,7,205,392
SKU0802,WH03,5,71,150
SKU0803,WH03,7,42,80
SKU0804,WH03,5,90,188
SKU0805,WH03,7,118,226
SKU0806,WH03,7,234,449
SKU0807,WH03,7,144,276
SKU0808,WH03,10,191,331
SKU0809,WH03,5,113,236
SKU0810,WH03,7,86,164
SKU0811,WH03,7,53,102
SKU0812,WH03,10,164,284
SKU0813,WH03,7,207,144
SKU0814,WH03,3,308,731
SKU0815,WH03,10,422,732
SKU0816,WH03,5,149,312
SKU0817,WH03,10,178,308
SKU0818,WH03,7,94,179
SKU0819,WH03,7,33,63
SKU0820,WH03,10,104,180
SKU0821,WH03,10,139,240
SKU0822,WH03,10,155,269
SKU0823,WH03,7,154,295
SKU0824,WH03,10,289,501
SKU0825,WH03,7,55,104
SKU0826,WH03,10,69,119
SKU0827,WH03,10,466,807
SKU0828,WH03,5,169,354
SKU0829,WH03,5,60,125
SKU0830,WH03,5,77,161
SKU0831,WH03,5,77,161
SKU0832,WH03,7,104,199
SKU0833,WH03,5,129,271
SKU0834,WH03,7,988,1893
SKU0835,WH03,5,100,210
SKU0836,WH03,5,153,321
SKU0837,WH03,10,28,48
SKU0838,WH03,7,66,125
SKU0839,WH03,7,305,585
SKU0840,WH03,10,182,314
SKU0841,WH03,14,4,5
SKU0842,WH03,7,185,355
SKU0843,WH03,3,378,898
SKU0844,WH03,5,14,30
SKU0845,WH03,14,627,990
SKU0846,WH03,10,11,19
SKU0847,WH03,10,294,509
SKU0848,WH03,10,126,217
SKU0849,WH03,5,11,22
SKU0850,WH03,7,151,289
SKU0851,WH03,10,356,616
SKU0852,WH03,10,175,304
SKU0853,WH03,5,143,299
SKU0854,WH03,7,70,134
SKU0855,WH03,5,16,34
SKU0856,WH03,14,298,470
SKU0857,WH03,5,406,853
SKU0858,WH03,10,349,604
SKU0859,WH03,5,15,30
SKU0860,WH03,7,26,50
SKU0861,WH03,10,59,103
SKU0862,WH03,7,25,47
SKU0863,WH03,10,132,228
SKU0864,WH03,10,180,312
SKU0865,WH03,10,35,61
SKU0866,WH03,7,203,389
SKU0867,WH03,10,217,376
SKU0868,WH03,7,62,119
SKU0869,WH03,7,87,166
SKU0870,WH03,7,18,34
SKU0871,WH03,7,75,144
SKU0872,WH03,5,85,178
SKU0873,WH03,7,118,225
SKU0874,WH03,5,119,249
SKU0875,WH03,5,105,220
SKU0876,WH03,5,67,140
SKU0877,WH03,5,109,229
SKU0878,WH03,10,311,539
SKU0879,WH03,7,93,178
SKU0880,WH03,3,90,213
SKU0881,WH03,10,107,185
SKU0882,WH03,14,90,141
SKU0883,WH03,10,202,350
SKU0884,WH03,10,77,133
SKU0885,WH03,14,227,357
SKU0886,WH03,7,104,199
SKU0887,WH03,14,122,192
SKU0888,WH03,14,119,188
SKU0889,WH03,7,64,123
SKU0890,WH03,10,29,50
SKU0891,WH03,10,178,309
SKU0892,WH03,10,156,270
SKU0893,WH03,10,271,470
SKU0894,WH03,7,63,120
SKU0895,WH03,7,556,1065
SKU0896,WH03,7,72,138
SKU0897,WH03,10,58,100
SKU0898,WH03,10,52,90
SKU0899,WH03,10,27,46
SKU0900,WH03,10,501,868
SKU0901,WH03,14,549,866
SKU0902,WH03,5,145,304
SKU0903,WH03,14,72,113
SKU0904,WH03,3,344,816
SKU0905,WH03,7,74,141
SKU0906,WH03,5,66,139
SKU0907,WH03,7,368,705
SKU0908,WH03,7,183,350
SKU0909,WH03,5,610,1280
SKU0910,WH03,7,127,242
SKU0911,WH03,10,89,153
SKU0912,WH03,5,49,102
SKU0913,WH03,10,24,42
SKU0914,WH03,5,66,138
SKU0915,WH03,5,236,495
SKU0916,WH03,5,145,303
SKU0917,WH03,7,103,197
SKU0918,WH03,10,52,90
SKU0919,WH03,7,124,238
SKU0920,WH03,10,314,544
SKU0921,WH03,7,149,285
SKU0922,WH03,10,147,254
SKU0923,WH03,14,78,124
SKU0924,WH03,7,221,422
SKU0925,WH03,5,6,11
SKU0926,WH03,5,119,250
SKU0927,WH03,7,1020,1954
SKU0928,WH03,7,26,50
SKU0929,WH03,5,68,143
SKU0930,WH03,10,126,217
SKU0931,WH03,14,106,167
SKU0932,WH03,5,214,449
SKU0933,WH03,5,129,270
SKU0934,WH03,5,97,203
SKU0935,WH03,7,207,397
SKU0936,WH03,10,128,222
SKU0937,WH03,7,1765,3382
SKU0938,WH03,3,78,183
SKU0939,WH03,7,121,231
SKU0940,WH03,5,19,38
SKU0941,WH03,7,62,119
SKU0942,WH03,7,284,543
SKU0943,WH03,7,31,59
SKU0944,WH03,7,15,28
SKU0945,WH03,10,130,225
SKU0946,WH03,3,231,549
SKU0947,WH03,10,131,227
SKU0948,WH03,3,50,118
SKU0949,WH03,7,19,37
SKU0950,WH03,10,190,329
SKU0951,WH03,10,229,397
SKU0952,WH03,5,17,36
SKU0953,WH03,7,280,537
SKU0954,WH03,10,252,436
SKU0955,WH03,14,443,699
SKU0956,WH03,7,171,327
SKU0957,WH03,3,122,288
SKU0958,WH03,7,162,309
SKU0959,WH03,5,184,386
SKU0960,WH03,3,14,32
SKU0961,WH03,7,27,51
SKU0962,WH03,10,65,113
SKU0963,WH03,3,60,143
SKU0964,WH03,10,179,310
SKU0965,WH03,10,169,293
SKU0966,WH03,10,345,598
SKU0967,WH03,5,237,497
SKU0968,WH03,7,46,89
SKU0969,WH03,5,105,219
SKU0970,WH03,5,40,83
SKU0971,WH03,7,86,164
SKU0972,WH03,7,135,259
SKU0973,WH03,5,4,9
SKU0974,WH03,5,737,1546
SKU0975,WH03,14,266,420
SKU0976,WH03,10,74,128
SKU0977,WH03,7,572,1096
SKU0978,WH03,14,117,185
SKU0979,WH03,5,95,199
SKU0980,WH03,7,66,125
SKU0981,WH03,10,558,967
SKU0982,WH03,7,92,176
SKU0983,WH03,5,97,202
SKU0984,WH03,7,298,572
SKU0985,WH03,7,171,328
SKU0986,WH03,7,97,185
SKU0987,WH03,7,274,526
SKU0988,WH03,7,991,1899
SKU0989,WH03,5,112,235
SKU0990,WH03,7,113,215
SKU0991,WH03,5,98,206
SKU0992,WH03,10,410,711
SKU0993,WH03,10,74,128
SKU0994,WH03,7,79,151
SKU0995,WH03,10,32,55
SKU0996,WH03,3,24,56
SKU0997,WH03,7,64,122
SKU0998,WH03,7,96,184
SKU0999,WH03,7,496,950
SKU1000,WH03,10,205,354
SKU0001,WH04,7,149,286
SKU0002,WH04,7,877,1681
SKU0003,WH04,7,249,476
SKU0004,WH04,5,26,55
SKU0005,WH04,5,8,16
SKU0006,WH04,14,452,713
SKU0007,WH04,10,169,293
SKU0008,WH04,14,652,1030
SKU0009,WH04,5,56,117
SKU0010,WH04,3,135,320
SKU0011,WH04,7,316,605
SKU0012,WH04,14,157,247
SKU0013,WH04,5,84,176
SKU0014,WH04,5,126,264
SKU0015,WH04,3,161,381
SKU0016,WH04,10,182,316
SKU0017,WH04,10,443,768
SKU0018,WH04,10,122,211
SKU0019,WH04,3,30,71
SKU0020,WH04,10,1092,1893
SKU0021,WH04,7,86,164
SKU0022,WH04,5,74,155
SKU0023,WH04,5,116,244
SKU0024,WH04,7,157,301
SKU0025,WH04,7,105,200
SKU0026,WH04,14,230,363
SKU0027,WH04,7,143,273
SKU0028,WH04,7,173,331
SKU0029,WH04,10,23,39
SKU0030,WH04,10,1002,1736
SKU0031,WH04,3,87,205
SKU0032,WH04,7,249,477
SKU0033,WH04,5,36,75
SKU0034,WH04,7,97,185
SKU0035,WH04,10,101,175
SKU0036,WH04,7,554,1061
SKU0037,WH04,7,87,167
SKU0038,WH04,5,243,511
SKU0039,WH04,7,83,158
SKU0040,WH04,7,99,188
SKU0041,WH04,14,188,296
SKU0042,WH04,7,469,898
SKU0043,WH04,10,34,59
SKU0044,WH04,7,46,87
SKU0045,WH04,10,32,56
SKU0046,WH04,3,37,88
SKU0047,WH04,5,60,125
SKU0048,WH04,3,23,55
SKU0049,WH04,3,51,121
SKU0050,WH04,14,39,61
SKU0051,WH04,10,74,128
SKU0052,WH04,7,435,833
SKU0053,WH04,7,212,407
SKU0054,WH04,7,175,335
SKU0055,WH04,7,60,115
SKU0056,WH04,10,47,81
SKU0057,WH04,7,53,102
SKU0058,WH04,10,178,308
SKU0059,WH04,5,269,564
SKU0060,WH04,14,526,831
SKU0061,WH04,3,174,412
SKU0062,WH04,7,76,146
SKU0063,WH04,10,189,327
SKU0064,WH04,5,92,194
SKU0065,WH04,5,103,216
SKU0066,WH04,7,922,1768
SKU0067,WH04,7,31,58
SKU0068,WH04,14,189,299
SKU0069,WH04,10,549,951
SKU0070,WH04,7,40,76
SKU0071,WH04,14,131,207
SKU0072,WH04,7,92,176
SKU0073,WH04,10,151,262
SKU0074,WH04,5,30,62
SKU0075,WH04,7,252,483
SKU0076,WH04,3,179,426
SKU0077,WH04,3,156,369
SKU0078,WH04,10,85,146
SKU0079,WH04,5,133,279
SKU0080,WH04,7,66,126
SKU0081,WH04,10,137,237
SKU0082,WH04,3,683,1621
SKU0083,WH04,7,161,308
SKU0084,WH04,10,64,110
SKU0085,WH04,10,217,376
SKU0086,WH04,5,37,77
SKU0087,WH04,14,80,126
SKU0088,WH04,10,73,126
SKU0089,WH04,10,124,215
SKU0090,WH04,7,343,657
SKU0091,WH04,10,311,538
SKU0092,WH04,10,295,512
SKU0093,WH04,7,55,106
SKU0094,WH04,14,144,227
SKU0095,WH04,14,299,471
SKU0096,WH04,7,84,161
SKU0097,WH04,10,144,249
SKU0098,WH04,7,220,421
SKU0099,WH04,10,135,234
SKU0100,WH04,10,226,392
SKU0101,WH04,3,413,979
SKU0102,WH04,3,85,200
SKU0103,WH04,7,427,817
SKU0104,WH04,14,387,610
SKU0105,WH04,7,40,76
SKU0106,WH04,10,69,119
SKU0107,WH04,7,70,134
SKU0108,WH04,5,187,120
SKU0109,WH04,14,216,340
SKU0110,WH04,7,257,492
SKU0111,WH04,7,457,875
SKU0112,WH04,3,130,308
SKU0113,WH04,5,83,173
SKU0114,WH04,5,19,40
SKU0115,WH04,7,158,302
SKU0116,WH04,7,151,290
SKU0117,WH04,7,174,334
SKU0118,WH04,3,655,1554
SKU0119,WH04,5,376,788
SKU0120,WH04,7,299,573
SKU0121,WH04,14,99,156
SKU0122,WH04,7,93,179
SKU0123,WH04,5,113,237
SKU0124,WH04,7,74,141
SKU0125,WH04,14,367,579
SKU0126,WH04,10,255,441
SKU0127,WH04,10,70,120
SKU0128,WH04,14,686,1082
SKU0129,WH04,7,162,310
SKU0130,WH04,14,50,78
SKU0131,WH04,3,94,223
SKU0132,WH04,10,238,412
SKU0133,WH04,10,443,767
SKU0134,WH04,14,173,272
SKU0135,WH04,7,311,596
SKU0136,WH04,10,219,378
SKU0137,WH04,5,38,79
SKU0138,WH04,7,42,80
SKU0139,WH04,7,405,776
SKU0140,WH04,7,433,829
SKU0141,WH04,10,247,428
SKU0142,WH04,7,567,1086
SKU0143,WH04,5,318,668
SKU0144,WH04,7,273,523
SKU0145,WH04,10,82,141
SKU0146,WH04,10,876,1518
SKU0147,WH04,10,299,518
SKU0148,WH04,5,87,183
SKU0149,WH04,10,101,176
SKU0150,WH04,10,233,403
SKU0151,WH04,3,22,52
SKU0152,WH04,7,277,531
SKU0153,WH04,7,63,120
SKU0154,WH04,7,206,395
SKU0155,WH04,5,77,162
SKU0156,WH04,5,97,204
SKU0157,WH04,3,50,119
SKU0158,WH04,5,107,224
SKU0159,WH04,5,673,1413
SKU0160,WH04,10,641,1111
SKU0161,WH04,7,203,389
SKU0162,WH04,7,145,277
SKU0163,WH04,10,394,683
SKU0164,WH04,7,408,782
SKU0165,WH04,5,59,123
SKU0166,WH04,5,115,241
SKU0167,WH04,5,24,51
SKU0168,WH04,7,405,777
SKU0169,WH04,7,946,1812
SKU0170,WH04,7,159,304
SKU0171,WH04,7,22,42
SKU0172,WH04,14,404,638
SKU0173,WH04,7,66,126
SKU0174,WH04,7,82,156
SKU0175,WH04,7,260,497
SKU0176,WH04,10,232,402
SKU0177,WH04,10,119,206
SKU0178,WH04,10,103,178
SKU0179,WH04,5,138,289
SKU0180,WH04,7,102,196
SKU0181,WH04,10,68,118
SKU0182,WH04,7,110,210
SKU0183,WH04,14,317,501
SKU0184,WH04,7,126,241
SKU0185,WH04,7,42,80
SKU0186,WH04,7,359,689
SKU0187,WH04,7,13,25
SKU0188,WH04,10,124,214
SKU0189,WH04,5,71,148
SKU0190,WH04,7,169,323
SKU0191,WH04,7,245,469
SKU0192,WH04,10,508,881
SKU0193,WH04,7,78,149
SKU0194,WH04,14,396,625
SKU0195,WH04,10,220,381
SKU0196,WH04,7,32,61
SKU0197,WH04,10,1020,1767
SKU0198,WH04,14,64,101
SKU0199,WH04,5,180,377
SKU0200,WH04,7,210,402
SKU0201,WH04,5,158,331
SKU0202,WH04,7,95,182
SKU0203,WH04,5,259,544
SKU0204,WH04,10,46,79
SKU0205,WH04,7,139,267
SKU0206,WH04,7,89,171
SKU0207,WH04,3,54,127
SKU0208,WH04,10,271,470
SKU0209,WH04,7,389,745
SKU0210,WH04,7,109,208
SKU0211,WH04,7,298,571
SKU0212,WH04,5,129,270
SKU0213,WH04,7,66,127
SKU0214,WH04,14,186,293
SKU0215,WH04,5,94,197
SKU0216,WH04,10,99,171
SKU0217,WH04,3,145,344
SKU0218,WH04,10,228,395
SKU0219,WH04,5,30,62
SKU0220,WH04,7,34,64
SKU0221,WH04,7,474,414
SKU0222,WH04,5,59,124
SKU0223,WH04,7,194,371
SKU0224,WH04,7,298,571
SKU0225,WH04,7,47,90
SKU0226,WH04,14,66,104
SKU0227,WH04,7,666,1275
SKU0228,WH04,14,321,506
SKU0229,WH04,7,102,194
SKU0230,WH04,5,53,112
SKU0231,WH04,5,78,163
SKU0232,WH04,7,51,97
SKU0233,WH04,7,327,626
SKU0234,WH04,10,92,159
SKU0235,WH04,10,493,855
SKU0236,WH04,7,103,197
SKU0237,WH04,7,58,111
SKU0238,WH04,7,101,193
SKU0239,WH04,7,14,27
SKU0240,WH04,5,111,232
SKU0241,WH04,5,106,222
SKU0242,WH04,7,310,594
SKU0243,WH04,5,23,48
SKU0244,WH04,10,525,909
SKU0245,WH04,3,206,489
SKU0246,WH04,5,380,796
SKU0247,WH04,14,223,352
SKU0248,WH04,14,582,918
SKU0249,WH04,7,40,76
SKU0250,WH04,7,281,537
SKU0251,WH04,10,93,160
SKU0252,WH04,3,23,53
SKU0253,WH04,7,54,103
SKU0254,WH04,5,124,260
SKU0255,WH04,7,71,135
SKU0256,WH04,14,328,517
SKU0257,WH04,10,37,63
SKU0258,WH04,14,35,55
SKU0259,WH04,10,634,1099
SKU0260,WH04,7,333,638
SKU0261,WH04,10,72,125
SKU0262,WH04,10,184,319
SKU0263,WH04,7,369,708
SKU0264,WH04,5,180,377
SKU0265,WH04,7,169,323
SKU0266,WH04,5,330,692
SKU0267,WH04,7,77,147
SKU0268,WH04,5,127,266
SKU0269,WH04,7,146,278
SKU0270,WH04,5,97,202
SKU0271,WH04,5,87,182
SKU0272,WH04,7,158,302
SKU0273,WH04,5,127,267
SKU0274,WH04,14,91,144
SKU0275,WH04,7,304,582
SKU0276,WH04,7,62,118
SKU0277,WH04,3,81,192
SKU0278,WH04,10,142,245
SKU0279,WH04,7,204,390
SKU0280,WH04,7,22,42
SKU0281,WH04,5,274,576
SKU0282,WH04,10,101,174
SKU0283,WH04,14,700,1105
SKU0284,WH04,7,96,184
SKU0285,WH04,5,118,247
SKU0286,WH04,5,688,1444
SKU0287,WH04,3,77,182
SKU0288,WH04,10,562,974
SKU0289,WH04,14,242,382
SKU0290,WH04,14,340,536
SKU0291,WH04,10,197,341
SKU0292,WH04,5,264,554
SKU0293,WH04,14,126,199
SKU0294,WH04,7,61,117
SKU0295,WH04,7,83,160
SKU0296,WH04,10,202,350
SKU0297,WH04,3,81,192
SKU0298,WH04,10,350,606
SKU0299,WH04,14,756,1193
SKU0300,WH04,10,77,133
SKU0301,WH04,10,96,165
SKU0302,WH04,7,41,78
SKU0303,WH04,3,611,1451
SKU0304,WH04,10,243,421
SKU0305,WH04,7,227,436
SKU0306,WH04,14,70,111
SKU0307,WH04,5,123,258
SKU0308,WH04,7,234,447
SKU0309,WH04,7,118,226
SKU0310,WH04,10,486,841
SKU0311,WH04,10,1476,2558
SKU0312,WH04,14,100,158
SKU0313,WH04,5,49,103
SKU0314,WH04,7,67,129
SKU0315,WH04,3,418,991
SKU0316,WH04,5,314,660
SKU0317,WH04,7,131,251
SKU0318,WH04,7,153,292
SKU0319,WH04,7,71,136
SKU0320,WH04,7,329,630
SKU0321,WH04,7,105,201
SKU0322,WH04,10,146,253
SKU0323,WH04,5,213,447
SKU0324,WH04,7,125,239
SKU0325,WH04,10,150,259
SKU0326,WH04,10,186,323
SKU0327,WH04,10,377,654
SKU0328,WH04,5,541,1136
SKU0329,WH04,7,250,479
SKU0330,WH04,14,481,760
SKU0331,WH04,7,124,236
SKU0332,WH04,7,78,150
SKU0333,WH04,14,421,664
SKU0334,WH04,5,144,301
SKU0335,WH04,10,52,89
SKU0336,WH04,10,138,238
SKU0337,WH04,5,114,240
SKU0338,WH04,10,117,202
SKU0339,WH04,7,560,1072
SKU0340,WH04,10,284,492
SKU0341,WH04,14,804,1269
SKU0342,WH04,10,234,405
SKU0343,WH04,3,106,252
SKU0344,WH04,10,80,138
SKU0345,WH04,14,236,373
SKU0346,WH04,7,150,286
SKU0347,WH04,7,44,83
SKU0348,WH04,3,61,144
SKU0349,WH04,10,138,239
SKU0350,WH04,3,143,339
SKU0351,WH04,7,224,428
SKU0352,WH04,14,139,219
SKU0353,WH04,14,356,562
SKU0354,WH04,14,199,313
SKU0355,WH04,7,12,22
SKU0356,WH04,5,80,167
SKU0357,WH04,7,390,747
SKU0358,WH04,5,28,57
SKU0359,WH04,10,204,354
SKU0360,WH04,7,614,1177
SKU0361,WH04,7,75,143
SKU0362,WH04,3,99,234
SKU0363,WH04,7,46,88
SKU0364,WH04,10,797,1382
SKU0365,WH04,10,171,297
SKU0366,WH04,5,129,269
SKU0367,WH04,5,416,873
SKU0368,WH04,7,268,513
SKU0369,WH04,5,56,118
SKU0370,WH04,14,131,206
SKU0371,WH04,10,288,499
SKU0372,WH04,5,71,148
SKU0373,WH04,10,28,48
SKU0374,WH04,7,141,270
SKU0375,WH04,5,33,69
SKU0376,WH04,7,632,1210
SKU0377,WH04,3,116,274
SKU0378,WH04,7,66,126
SKU0379,WH04,10,99,171
SKU0380,WH04,14,43,68
SKU0381,WH04,7,55,106
SKU0382,WH04,7,368,706
SKU0383,WH04,5,916,1923
SKU0384,WH04,7,284,544
SKU0385,WH04,5,114,238
SKU0386,WH04,7,100,192
SKU0387,WH04,5,52,110
SKU0388,WH04,14,1490,2353
SKU0389,WH04,10,156,270
SKU0390,WH04,7,990,1897
SKU0391,WH04,10,646,1120
SKU0392,WH04,5,26,54
SKU0393,WH04,10,102,176
SKU0394,WH04,5,68,142
SKU0395,WH04,5,115,241
SKU0396,WH04,10,175,303
SKU0397,WH04,7,2186,4190
SKU0398,WH04,7,56,108
SKU0399,WH04,7,182,348
SKU0400,WH04,3,172,407
SKU0401,WH04,3,99,234
SKU0402,WH04,7,163,312
SKU0403,WH04,7,58,111
SKU0404,WH04,3,109,257
SKU0405,WH04,7,234,448
SKU0406,WH04,7,198,380
SKU0407,WH04,10,308,534
SKU0408,WH04,10,657,1139
SKU0409,WH04,7,343,657
SKU0410,WH04,7,158,302
SKU0411,WH04,7,52,99
SKU0412,WH04,7,86,165
SKU0413,WH04,3,81,192
SKU0414,WH04,3,124,293
SKU0415,WH04,10,120,208
SKU0416,WH04,5,53,112
SKU0417,WH04,7,51,97
SKU0418,WH04,7,34,64
SKU0419,WH04,7,120,229
SKU0420,WH04,10,50,86
SKU0421,WH04,10,75,130
SKU0422,WH04,3,69,164
SKU0423,WH04,10,56,96
SKU0424,WH04,7,208,398
SKU0425,WH04,7,287,550
SKU0426,WH04,10,113,195
SKU0427,WH04,10,125,216
SKU0428,WH04,7,240,459
SKU0429,WH04,14,123,194
SKU0430,WH04,7,73,140
SKU0431,WH04,7,433,830
SKU0432,WH04,3,218,518
SKU0433,WH04,5,212,444
SKU0434,WH04,7,340,650
SKU0435,WH04,7,25,48
SKU0436,WH04,7,499,956
SKU0437,WH04,10,263,455
SKU0438,WH04,5,306,641
SKU0439,WH04,10,262,453
SKU0440,WH04,10,193,334
SKU0441,WH04,10,144,250
SKU0442,WH04,10,257,445
SKU0443,WH04,10,140,242
SKU0444,WH04,5,269,564
SKU0445,WH04,10,45,77
SKU0446,WH04,14,144,227
SKU0447,WH04,7,929,1780
SKU0448,WH04,5,70,147
SKU0449,WH04,14,189,298
SKU0450,WH04,5,56,117
SKU0451,WH04,7,200,383
SKU0452,WH04,5,64,133
SKU0453,WH04,7,125,240
SKU0454,WH04,7,317,607
SKU0455,WH04,7,79,151
SKU0456,WH04,14,475,750
SKU0457,WH04,7,309,593
SKU0458,WH04,7,381,731
SKU0459,WH04,10,210,363
SKU0460,WH04,10,3407,5904
SKU0461,WH04,5,318,667
SKU0462,WH04,3,132,313
SKU0463,WH04,7,68,129
SKU0464,WH04,10,169,293
SKU0465,WH04,7,533,1020
SKU0466,WH04,5,573,1202
SKU0467,WH04,10,697,1209
SKU0468,WH04,10,374,648
SKU0469,WH04,7,48,92
SKU0470,WH04,10,286,496
SKU0471,WH04,10,61,105
SKU0472,WH04,10,49,84
SKU0473,WH04,10,229,397
SKU0474,WH04,10,296,512
SKU0475,WH04,7,333,637
SKU0476,WH04,7,231,442
SKU0477,WH04,10,298,516
SKU0478,WH04,7,61,117
SKU0479,WH04,7,135,258
SKU0480,WH04,5,32,67
SKU0481,WH04,10,31,53
SKU0482,WH04,7,288,551
SKU0483,WH04,7,75,144
SKU0484,WH04,7,324,620
SKU0485,WH04,5,334,700
SKU0486,WH04,14,134,212
SKU0487,WH04,10,314,544
SKU0488,WH04,7,82,156
SKU0489,WH04,7,28,54
SKU0490,WH04,10,206,357
SKU0491,WH04,7,97,185
SKU0492,WH04,14,158,248
SKU0493,WH04,3,582,1381
SKU0494,WH04,3,25,60
SKU0495,WH04,7,209,399
SKU0496,WH04,5,51,106
SKU0497,WH04,7,334,640
SKU0498,WH04,10,241,418
SKU0499,WH04,5,173,363
SKU0500,WH04,7,63,121
SKU0501,WH04,10,93,161
SKU0502,WH04,10,425,736
SKU0503,WH04,7,726,1391
SKU0504,WH04,5,190,398
SKU0505,WH04,7,66,126
SKU0506,WH04,7,200,384
SKU0507,WH04,10,1638,2839
SKU0508,WH04,7,162,310
SKU0509,WH04,5,458,962
SKU0510,WH04,10,95,165
SKU0511,WH04,7,142,272
SKU0512,WH04,5,215,451
SKU0513,WH04,7,211,404
SKU0514,WH04,14,118,185
SKU0515,WH04,10,89,155
SKU0516,WH04,5,299,628
SKU0517,WH04,10,539,934
SKU0518,WH04,5,479,1006
SKU0519,WH04,7,748,1433
SKU0520,WH04,7,167,319
SKU0521,WH04,5,93,195
SKU0522,WH04,7,498,953
SKU0523,WH04,14,444,701
SKU0524,WH04,5,51,107
SKU0525,WH04,10,73,126
SKU0526,WH04,10,287,498
SKU0527,WH04,7,126,241
SKU0528,WH04,5,120,252
SKU0529,WH04,5,323,678
SKU0530,WH04,5,244,511
SKU0531,WH04,7,488,935
SKU0532,WH04,14,42,65
SKU0533,WH04,10,232,402
SKU0534,WH04,3,184,437
SKU0535,WH04,5,32,66
SKU0536,WH04,5,69,144
SKU0537,WH04,14,110,173
SKU0538,WH04,5,126,264
SKU0539,WH04,5,532,1117
SKU0540,WH04,7,910,1745
SKU0541,WH04,7,71,136
SKU0542,WH04,5,198,415
SKU0543,WH04,10,305,529
SKU0544,WH04,5,175,366
SKU0545,WH04,3,141,335
SKU0546,WH04,5,162,340
SKU0547,WH04,7,674,1291
SKU0548,WH04,14,630,994
SKU0549,WH04,7,57,109
SKU0550,WH04,10,378,654
SKU0551,WH04,7,330,631
SKU0552,WH04,10,245,424
SKU0553,WH04,14,647,1021
SKU0554,WH04,7,175,335
SKU0555,WH04,14,280,442
SKU0556,WH04,7,165,316
SKU0557,WH04,10,30,52
SKU0558,WH04,5,115,240
SKU0559,WH04,7,81,155
SKU0560,WH04,7,51,98
SKU0561,WH04,14,849,1340
SKU0562,WH04,14,368,581
SKU0563,WH04,7,144,276
SKU0564,WH04,14,141,222
SKU0565,WH04,10,241,417
SKU0566,WH04,7,360,690
SKU0567,WH04,5,59,123
SKU0568,WH04,5,123,257
SKU0569,WH04,3,215,510
SKU0570,WH04,5,22,46
SKU0571,WH04,14,222,350
SKU0572,WH04,5,84,176
SKU0573,WH04,10,164,284
SKU0574,WH04,7,94,180
SKU0575,WH04,7,167,320
SKU0576,WH04,5,694,1457
SKU0577,WH04,7,111,212
SKU0578,WH04,7,192,368
SKU0579,WH04,7,888,1701
SKU0580,WH04,5,75,158
SKU0581,WH04,10,1721,1636
SKU0582,WH04,3,99,235
SKU0583,WH04,7,733,1405
SKU0584,WH04,7,290,555
SKU0585,WH04,5,162,341
SKU0586,WH04,10,174,302
SKU0587,WH04,5,71,148
SKU0588,WH04,14,250,395
SKU0589,WH04,10,414,717
SKU0590,WH04,7,146,280
SKU0591,WH04,7,111,213
SKU0592,WH04,5,99,206
SKU0593,WH04,14,571,901
SKU0594,WH04,7,444,851
SKU0595,WH04,3,54,129
SKU0596,WH04,7,81,155
SKU0597,WH04,5,173,363
SKU0598,WH04,7,583,1118
SKU0599,WH04,7,414,793
SKU0600,WH04,5,40,84
SKU0601,WH04,10,146,252
SKU0602,WH04,5,54,112
SKU0603,WH04,7,116,223
SKU0604,WH04,7,625,1198
SKU0605,WH04,14,65,103
SKU0606,WH04,7,35,66
SKU0607,WH04,14,111,175
SKU0608,WH04,7,191,366
SKU0609,WH04,10,323,559
SKU0610,WH04,5,183,383
SKU0611,WH04,10,531,920
SKU0612,WH04,5,26,53
SKU0613,WH04,14,681,1074
SKU0614,WH04,14,177,279
SKU0615,WH04,7,285,546
SKU0616,WH04,7,45,86
SKU0617,WH04,7,149,284
SKU0618,WH04,5,152,320
SKU0619,WH04,10,522,904
SKU0620,WH04,10,45,77
SKU0621,WH04,7,152,291
SKU0622,WH04,5,47,98
SKU0623,WH04,14,368,581
SKU0624,WH04,5,248,520
SKU0625,WH04,7,470,900
SKU0626,WH04,5,76,160
SKU0627,WH04,5,283,595
SKU0628,WH04,3,335,795
SKU0629,WH04,7,34,65
SKU0630,WH04,7,256,491
SKU0631,WH04,7,350,670
SKU0632,WH04,10,146,254
SKU0633,WH04,10,62,108
SKU0634,WH04,5,287,603
SKU0635,WH04,3,34,80
SKU0636,WH04,7,126,241
SKU0637,WH04,10,178,309
SKU0638,WH04,7,281,538
SKU0639,WH04,5,70,147
SKU0640,WH04,10,100,173
SKU0641,WH04,3,108,256
SKU0642,WH04,7,365,699
SKU0643,WH04,5,963,2022
SKU0644,WH04,10,48,83
SKU0645,WH04,7,196,376
SKU0646,WH04,10,70,121
SKU0647,WH04,3,246,584
SKU0648,WH04,7,64,122
SKU0649,WH04,5,67,141
SKU0650,WH04,10,109,188
SKU0651,WH04,5,115,241
SKU0652,WH04,3,132,313
SKU0653,WH04,10,285,494
SKU0654,WH04,3,98,233
SKU0655,WH04,5,38,78
SKU0656,WH04,10,355,615
SKU0657,WH04,10,176,305
SKU0658,WH04,10,525,909
SKU0659,WH04,7,78,150
SKU0660,WH04,7,35,67
SKU0661,WH04,10,179,310
SKU0662,WH04,5,395,829
SKU0663,WH04,10,213,370
SKU0664,WH04,5,103,216
SKU0665,WH04,14,107,169
SKU0666,WH04,7,717,1375
SKU0667,WH04,7,59,112
SKU0668,WH04,7,77,148
SKU0669,WH04,5,206,431
SKU0670,WH04,7,28,54
SKU0671,WH04,10,581,1006
SKU0672,WH04,7,259,496
SKU0673,WH04,7,332,635
SKU0674,WH04,5,203,427
SKU0675,WH04,10,160,277
SKU0676,WH04,7,57,109
SKU0677,WH04,5,109,228
SKU0678,WH04,14,98,154
SKU0679,WH04,7,229,438
SKU0680,WH04,7,305,584
SKU0681,WH04,14,882,1392
SKU0682,WH04,7,206,395
SKU0683,WH04,14,537,847
SKU0684,WH04,10,142,245
SKU0685,WH04,7,96,184
SKU0686,WH04,5,189,396
SKU0687,WH04,3,70,165
SKU0688,WH04,7,188,360
SKU0689,WH04,3,38,90
SKU0690,WH04,3,45,106
SKU0691,WH04,7,262,501
SKU0692,WH04,10,410,710
SKU0693,WH04,5,51,107
SKU0694,WH04,10,337,584
SKU0695,WH04,14,145,229
SKU0696,WH04,10,187,325
SKU0697,WH04,10,660,1144
SKU0698,WH04,10,382,661
SKU0699,WH04,5,252,528
SKU0700,WH04,7,822,1575
SKU0701,WH04,14,124,196
SKU0702,WH04,10,76,132
SKU0703,WH04,10,97,167
SKU0704,WH04,14,186,294
SKU0705,WH04,5,15,31
SKU0706,WH04,7,123,235
SKU0707,WH04,7,91,174
SKU0708,WH04,3,199,473
SKU0709,WH04,7,203,388
SKU0710,WH04,10,108,186
SKU0711,WH04,7,251,481
SKU0712,WH04,5,236,495
SKU0713,WH04,10,93,160
SKU0714,WH04,5,79,166
SKU0715,WH04,10,25,44
SKU0716,WH04,5,47,97
SKU0717,WH04,10,95,164
SKU0718,WH04,7,158,302
SKU0719,WH04,7,63,121
SKU0720,WH04,7,93,178
SKU0721,WH04,5,41,86
SKU0722,WH04,7,172,330
SKU0723,WH04,10,271,469
SKU0724,WH04,10,265,459
SKU0725,WH04,5,125,261
SKU0726,WH04,10,47,80
SKU0727,WH04,10,106,183
SKU0728,WH04,10,128,222
SKU0729,WH04,7,103,197
SKU0730,WH04,3,106,250
SKU0731,WH04,14,842,1330
SKU0732,WH04,7,307,587
SKU0733,WH04,7,61,117
SKU0734,WH04,10,340,589
SKU0735,WH04,5,219,459
SKU0736,WH04,10,90,155
SKU0737,WH04,3,211,501
SKU0738,WH04,10,160,277
SKU0739,WH04,14,66,104
SKU0740,WH04,14,352,556
SKU0741,WH04,14,284,448
SKU0742,WH04,10,151,261
SKU0743,WH04,5,119,250
SKU0744,WH04,14,123,193
SKU0745,WH04,14,405,639
SKU0746,WH04,7,142,272
SKU0747,WH04,7,172,329
SKU0748,WH04,5,170,356
SKU0749,WH04,7,53,100
SKU0750,WH04,10,83,143
SKU0751,WH04,7,21,39
SKU0752,WH04,7,246,470
SKU0753,WH04,7,50,95
SKU0754,WH04,3,111,263
SKU0755,WH04,14,326,515
SKU0756,WH04,5,212,444
SKU0757,WH04,5,42,88
SKU0758,WH04,3,93,221
SKU0759,WH04,10,829,1436
SKU0760,WH04,10,862,1494
SKU0761,WH04,5,299,628
SKU0762,WH04,5,167,350
SKU0763,WH04,7,60,115
SKU0764,WH04,5,235,493
SKU0765,WH04,10,160,278
SKU0766,WH04,3,163,387
SKU0767,WH04,7,84,160
SKU0768,WH04,7,127,242
SKU0769,WH04,7,171,328
SKU0770,WH04,7,184,353
SKU0771,WH04,5,192,403
SKU0772,WH04,5,73,154
SKU0773,WH04,3,30,70
SKU0774,WH04,5,531,1114
SKU0775,WH04,14,2193,3463
SKU0776,WH04,5,184,386
SKU0777,WH04,7,45,86
SKU0778,WH04,5,62,129
SKU0779,WH04,10,292,505
SKU0780,WH04,14,781,1232
SKU0781,WH04,10,62,108
SKU0782,WH04,7,132,253
SKU0783,WH04,10,220,381
SKU0784,WH04,7,321,616
SKU0785,WH04,10,136,235
SKU0786,WH04,10,46,79
SKU0787,WH04,3,172,409
SKU0788,WH04,7,406,778
SKU0789,WH04,5,115,240
SKU0790,WH04,5,177,372
SKU0791,WH04,10,121,209
SKU0792,WH04,3,46,110
SKU0793,WH04,10,465,805
SKU0794,WH04,14,331,523
SKU0795,WH04,7,230,440
SKU0796,WH04,7,570,1092
SKU0797,WH04,7,58,110
SKU0798,WH04,10,113,195
SKU0799,WH04,5,142,298
SKU0800,WH04,5,74,156
SKU0801,WH04,7,299,572
SKU0802,WH04,14,198,312
SKU0803,WH04,5,51,106
SKU0804,WH04,7,157,300
SKU0805,WH04,14,273,430
SKU0806,WH04,5,285,599
SKU0807,WH04,3,140,333
SKU0808,WH04,7,224,428
SKU0809,WH04,3,132,312
SKU0810,WH04,5,104,218
SKU0811,WH04,7,78,149
SKU0812,WH04,10,239,415
SKU0813,WH04,7,110,210
SKU0814,WH04,7,1391,1293
SKU0815,WH04,7,494,946
SKU0816,WH04,7,261,500
SKU0817,WH04,10,259,449
SKU0818,WH04,10,171,296
SKU0819,WH04,10,60,103
SKU0820,WH04,10,152,263
SKU0821,WH04,10,202,350
SKU0822,WH04,5,151,318
SKU0823,WH04,14,357,563
SKU0824,WH04,10,423,732
SKU0825,WH04,7,80,152
SKU0826,WH04,3,54,127
SKU0827,WH04,7,544,1043
SKU0828,WH04,7,295,566
SKU0829,WH04,10,130,225
SKU0830,WH04,7,134,257
SKU0831,WH04,3,90,213
SKU0832,WH04,5,127,266
SKU0833,WH04,10,282,489
SKU0834,WH04,3,963,2285
SKU0835,WH04,10,219,379
SKU0836,WH04,5,223,469
SKU0837,WH04,7,33,62
SKU0838,WH04,7,96,183
SKU0839,WH04,5,372,780
SKU0840,WH04,10,265,459
SKU0841,WH04,10,4,7
SKU0842,WH04,5,226,474
SKU0843,WH04,7,829,1588
SKU0844,WH04,10,31,53
SKU0845,WH04,10,724,1254
SKU0846,WH04,7,13,24
SKU0847,WH04,10,429,743
SKU0848,WH04,5,122,256
SKU0849,WH04,5,15,32
SKU0850,WH04,10,276,478
SKU0851,WH04,10,520,900
SKU0852,WH04,10,256,444
SKU0853,WH04,5,208,437
SKU0854,WH04,7,102,196
SKU0855,WH04,10,35,60
SKU0856,WH04,5,229,481
SKU0857,WH04,7,712,1365
SKU0858,WH04,7,408,781
SKU0859,WH04,5,21,44
SKU0860,WH04,7,38,73
SKU0861,WH04,5,58,121
SKU0862,WH04,14,56,88
SKU0863,WH04,5,128,269
SKU0864,WH04,5,176,368
SKU0865,WH04,3,28,65
SKU0866,WH04,3,198,470
SKU0867,WH04,5,211,444
SKU0868,WH04,7,90,173
SKU0869,WH04,3,85,200
SKU0870,WH04,5,22,45
SKU0871,WH04,3,73,174
SKU0872,WH04,7,149,285
SKU0873,WH04,3,115,272
SKU0874,WH04,7,208,398
SKU0875,WH04,10,230,398
SKU0876,WH04,10,146,252
SKU0877,WH04,5,159,334
SKU0878,WH04,10,454,787
SKU0879,WH04,10,170,294
SKU0880,WH04,3,131,311
SKU0881,WH04,7,125,239
SKU0882,WH04,10,103,179
SKU0883,WH04,7,236,453
SKU0884,WH04,7,90,172
SKU0885,WH04,7,209,400
SKU0886,WH04,3,101,240
SKU0887,WH04,14,178,281
SKU0888,WH04,5,92,192
SKU0889,WH04,3,63,148
SKU0890,WH04,3,23,54
SKU0891,WH04,7,209,399
SKU0892,WH04,10,227,394
SKU0893,WH04,10,396,687
SKU0894,WH04,14,145,229
SKU0895,WH04,7,812,1556
SKU0896,WH04,7,105,201
SKU0897,WH04,7,68,129
SKU0898,WH04,3,41,96
SKU0899,WH04,14,50,78
SKU0900,WH04,7,586,1123
SKU0901,WH04,7,507,971
SKU0902,WH04,7,254,486
SKU0903,WH04,10,83,143
SKU0904,WH04,5,627,1317
SKU0905,WH04,10,135,233
SKU0906,WH04,10,145,251
SKU0907,WH04,10,672,1165
SKU0908,WH04,3,178,423
SKU0909,WH04,5,891,1870
SKU0910,WH04,7,185,354
SKU0911,WH04,10,129,224
SKU0912,WH04,14,135,213
SKU0913,WH04,7,28,54
SKU0914,WH04,5,96,201
SKU0915,WH04,5,345,723
SKU0916,WH04,7,253,485
SKU0917,WH04,5,126,263
SKU0918,WH04,7,61,116
SKU0919,WH04,10,226,392
SKU0920,WH04,7,367,703
SKU0921,WH04,7,218,417
SKU0922,WH04,3,115,272
SKU0923,WH04,5,60,126
SKU0924,WH04,10,403,697
SKU0925,WH04,7,9,17
SKU0926,WH04,5,174,365
SKU0927,WH04,5,1242,2608
SKU0928,WH04,5,32,67
SKU0929,WH04,10,149,257
SKU0930,WH04,7,147,281
SKU0931,WH04,7,98,187
SKU0932,WH04,7,375,718
SKU0933,WH04,5,188,395
SKU0934,WH04,7,170,324
SKU0935,WH04,3,202,479
SKU0936,WH04,14,237,375
SKU0937,WH04,3,1719,4083
SKU0938,WH04,7,169,324
SKU0939,WH04,3,118,279
SKU0940,WH04,10,40,69
SKU0941,WH04,5,76,159
SKU0942,WH04,14,656,1035
SKU0943,WH04,3,30,71
SKU0944,WH04,10,27,46
SKU0945,WH04,10,190,329
SKU0946,WH04,5,422,886
SKU0947,WH04,5,128,268
SKU0948,WH04,7,109,209
SKU0949,WH04,10,35,60
SKU0950,WH04,10,277,480
SKU0951,WH04,5,223,468
SKU0952,WH04,7,30,57
SKU0953,WH04,5,341,717
SKU0954,WH04,5,245,514
SKU0955,WH04,7,409,783
SKU0956,WH04,7,250,478
SKU0957,WH04,5,222,465
SKU0958,WH04,10,295,511
SKU0959,WH04,10,403,698
SKU0960,WH04,10,36,63
SKU0961,WH04,3,26,61
SKU0962,WH04,14,121,190
SKU0963,WH04,7,132,252
SKU0964,WH04,7,210,401
SKU0965,WH04,3,132,313
SKU0966,WH04,10,504,873
SKU0967,WH04,7,415,795
SKU0968,WH04,10,85,146
SKU0969,WH04,10,229,396
SKU0970,WH04,10,86,149
SKU0971,WH04,10,156,270
SKU0972,WH04,14,312,493
SKU0973,WH04,5,6,12
SKU0974,WH04,5,1076,2260
SKU0975,WH04,10,307,532
SKU0976,WH04,7,87,166
SKU0977,WH04,7,836,1601
SKU0978,WH04,10,135,234
SKU0979,WH04,7,167,319
SKU0980,WH04,10,119,206
SKU0981,WH04,7,652,1250
SKU0982,WH04,10,168,291
SKU0983,WH04,5,141,296
SKU0984,WH04,7,436,835
SKU0985,WH04,10,312,541
SKU0986,WH04,5,117,246
SKU0987,WH04,7,401,768
SKU0988,WH04,7,1448,2775
SKU0989,WH04,7,197,376
SKU0990,WH04,7,164,314
SKU0991,WH04,5,144,301
SKU0992,WH04,10,600,1039
SKU0993,WH04,5,72,151
SKU0994,WH04,7,115,220
SKU0995,WH04,7,37,71
SKU0996,WH04,3,34,81
SKU0997,WH04,5,78,162
SKU0998,WH04,14,222,351
SKU0999,WH04,10,906,1570
SKU1000,WH04,3,160,379
SKU0001,WH05,7,139,266
SKU0002,WH05,3,545,1294
SKU0003,WH05,10,290,502
SKU0004,WH05,7,30,56
SKU0005,WH05,5,7,15
SKU0006,WH05,10,332,576
SKU0007,WH05,5,105,221
SKU0008,WH05,5,320,672
SKU0009,WH05,5,52,109
SKU0010,WH05,10,236,408
SKU0011,WH05,10,368,638
SKU0012,WH05,14,146,230
SKU0013,WH05,5,78,164
SKU0014,WH05,10,176,305
SKU0015,WH05,7,224,429
SKU0016,WH05,7,136,260
SKU0017,WH05,3,220,523
SKU0018,WH05,10,114,197
SKU0019,WH05,5,35,73
SKU0020,WH05,7,814,1560
SKU0021,WH05,7,80,153
SKU0022,WH05,3,55,131
SKU0023,WH05,14,205,324
SKU0024,WH05,10,183,317
SKU0025,WH05,7,97,186
SKU0026,WH05,10,169,293
SKU0027,WH05,7,133,254
SKU0028,WH05,10,201,349
SKU0029,WH05,5,14,29
SKU0030,WH05,7,747,1431
SKU0031,WH05,7,121,231
SKU0032,WH05,7,232,444
SKU0033,WH05,7,40,77
SKU0034,WH05,5,75,158
SKU0035,WH05,14,119,188
SKU0036,WH05,3,344,817
SKU0037,WH05,3,55,129
SKU0038,WH05,7,272,521
SKU0039,WH05,7,77,147
SKU0040,WH05,5,77,160
SKU0041,WH05,7,111,211
SKU0042,WH05,10,545,945
SKU0043,WH05,5,21,44
SKU0044,WH05,14,67,106
SKU0045,WH05,7,24,46
SKU0046,WH05,7,52,99
SKU0047,WH05,5,56,116
SKU0048,WH05,10,41,70
SKU0049,WH05,10,89,154
SKU0050,WH05,5,19,40
SKU0051,WH05,5,46,97
SKU0052,WH05,5,338,708
SKU0053,WH05,3,132,313
SKU0054,WH05,14,258,407
SKU0055,WH05,7,56,107
SKU0056,WH05,7,35,67
SKU0057,WH05,14,78,124
SKU0058,WH05,10,166,287
SKU0059,WH05,10,375,650
SKU0060,WH05,7,310,593
SKU0061,WH05,7,243,465
SKU0062,WH05,5,59,124
SKU0063,WH05,7,141,270
SKU0064,WH05,7,103,198
SKU0065,WH05,5,96,201
SKU0066,WH05,7,859,1647
SKU0067,WH05,7,29,54
SKU0068,WH05,7,112,214
SKU0069,WH05,5,341,716
SKU0070,WH05,7,37,71
SKU0071,WH05,7,77,148
SKU0072,WH05,10,107,185
SKU0073,WH05,10,141,244
SKU0074,WH05,5,28,58
SKU0075,WH05,3,157,372
SKU0076,WH05,7,251,480
SKU0077,WH05,5,181,380
SKU0078,WH05,7,63,121
SKU0079,WH05,14,235,372
SKU0080,WH05,5,51,107
SKU0081,WH05,7,102,196
SKU0082,WH05,10,1193,2067
SKU0083,WH05,7,150,287
SKU0084,WH05,3,32,75
SKU0085,WH05,5,135,283
SKU0086,WH05,14,65,102
SKU0087,WH05,5,39,82
SKU0088,WH05,7,54,104
SKU0089,WH05,10,116,200
SKU0090,WH05,5,266,559
SKU0091,WH05,10,289,501
SKU0092,WH05,5,184,385
SKU0093,WH05,5,43,90
SKU0094,WH05,7,85,162
SKU0095,WH05,14,278,439
SKU0096,WH05,5,65,137
SKU0097,WH05,5,90,188
SKU0098,WH05,14,324,511
SKU0099,WH05,5,84,176
SKU0100,WH05,10,211,365
SKU0101,WH05,10,720,1248
SKU0102,WH05,7,118,226
SKU0103,WH05,10,497,860
SKU0104,WH05,10,284,493
SKU0105,WH05,5,31,65
SKU0106,WH05,14,81,128
SKU0107,WH05,14,103,163
SKU0108,WH05,10,80,138
SKU0109,WH05,7,127,243
SKU0110,WH05,7,239,458
SKU0111,WH05,7,425,815
SKU0112,WH05,3,121,287
SKU0113,WH05,7,92,177
SKU0114,WH05,7,22,41
SKU0115,WH05,10,183,317
SKU0116,WH05,7,141,270
SKU0117,WH05,7,162,311
SKU0118,WH05,7,914,1752
SKU0119,WH05,7,420,804
SKU0120,WH05,14,441,696
SKU0121,WH05,10,73,126
SKU0122,WH05,3,58,137
SKU0123,WH05,3,85,200
SKU0124,WH05,10,86,149
SKU0125,WH05,7,216,413
SKU0126,WH05,10,237,411
SKU0127,WH05,5,43,91
SKU0128,WH05,3,269,639
SKU0129,WH05,7,151,289
SKU0130,WH05,10,37,63
SKU0131,WH05,14,208,328
SKU0132,WH05,10,222,384
SKU0133,WH05,7,330,632
SKU0134,WH05,10,127,220
SKU0135,WH05,3,193,458
SKU0136,WH05,7,163,312
SKU0137,WH05,14,67,106
SKU0138,WH05,7,39,74
SKU0139,WH05,14,598,943
SKU0140,WH05,5,336,705
SKU0141,WH05,5,154,322
SKU0142,WH05,7,528,1012
SKU0143,WH05,14,563,889
SKU0144,WH05,7,255,487
SKU0145,WH05,10,76,131
SKU0146,WH05,5,544,1142
SKU0147,WH05,10,279,483
SKU0148,WH05,7,98,186
SKU0149,WH05,5,63,132
SKU0150,WH05,10,217,375
SKU0151,WH05,10,39,67
SKU0152,WH05,7,258,494
SKU0153,WH05,5,49,102
SKU0154,WH05,5,160,336
SKU0155,WH05,14,136,215
SKU0156,WH05,10,136,235
SKU0157,WH05,10,87,151
SKU0158,WH05,10,149,258
SKU0159,WH05,10,940,1630
SKU0160,WH05,5,398,836
SKU0161,WH05,7,189,363
SKU0162,WH05,10,168,291
SKU0163,WH05,5,245,514
SKU0164,WH05,5,317,665
SKU0165,WH05,7,66,125
SKU0166,WH05,10,161,278
SKU0167,WH05,10,34,58
SKU0168,WH05,3,252,598
SKU0169,WH05,14,1395,2202
SKU0170,WH05,5,123,259
SKU0171,WH05,5,17,36
SKU0172,WH05,14,377,594
SKU0173,WH05,10,77,132
SKU0174,WH05,14,120,189
SKU0175,WH05,10,302,523
SKU0176,WH05,10,216,375
SKU0177,WH05,5,74,155
SKU0178,WH05,7,77,147
SKU0179,WH05,14,244,385
SKU0180,WH05,10,119,206
SKU0181,WH05,7,51,97
SKU0182,WH05,7,102,196
SKU0183,WH05,5,156,327
SKU0184,WH05,7,117,225
SKU0185,WH05,10,49,84
SKU0186,WH05,3,223,530
SKU0187,WH05,7,12,23
SKU0188,WH05,14,146,230
SKU0189,WH05,7,79,151
SKU0190,WH05,7,157,301
SKU0191,WH05,7,228,437
SKU0192,WH05,3,253,600
SKU0193,WH05,5,61,127
SKU0194,WH05,5,194,408
SKU0195,WH05,5,137,287
SKU0196,WH05,5,25,52
SKU0197,WH05,7,760,1456
SKU0198,WH05,3,26,60
SKU0199,WH05,14,318,501
SKU0200,WH05,5,163,342
SKU0201,WH05,7,176,338
SKU0202,WH05,10,110,191
SKU0203,WH05,5,241,506
SKU0204,WH05,7,34,65
SKU0205,WH05,10,162,281
SKU0206,WH05,7,83,159
SKU0207,WH05,5,63,131
SKU0208,WH05,10,253,438
SKU0209,WH05,10,841,785
SKU0210,WH05,7,101,194
SKU0211,WH05,3,185,439
SKU0212,WH05,3,96,228
SKU0213,WH05,10,77,134
SKU0214,WH05,7,109,209
SKU0215,WH05,5,88,184
SKU0216,WH05,7,74,141
SKU0217,WH05,14,320,505
SKU0218,WH05,3,114,269
SKU0219,WH05,3,22,52
SKU0220,WH05,7,32,60
SKU0221,WH05,10,252,436
SKU0222,WH05,7,66,127
SKU0223,WH05,10,226,391
SKU0224,WH05,3,185,440
SKU0225,WH05,7,44,84
SKU0226,WH05,7,39,74
SKU0227,WH05,7,620,1188
SKU0228,WH05,7,189,362
SKU0229,WH05,10,118,204
SKU0230,WH05,7,60,114
SKU0231,WH05,10,109,188
SKU0232,WH05,5,40,83
SKU0233,WH05,7,305,583
SKU0234,WH05,7,69,131
SKU0235,WH05,7,368,705
SKU0236,WH05,5,80,168
SKU0237,WH05,14,151,135
SKU0238,WH05,14,149,234
SKU0239,WH05,10,17,29
SKU0240,WH05,10,154,267
SKU0241,WH05,5,99,207
SKU0242,WH05,7,289,553
SKU0243,WH05,7,26,49
SKU0244,WH05,10,489,847
SKU0245,WH05,5,240,503
SKU0246,WH05,5,354,742
SKU0247,WH05,10,164,284
SKU0248,WH05,5,285,599
SKU0249,WH05,10,46,80
SKU0250,WH05,5,218,457
SKU0251,WH05,10,86,149
SKU0252,WH05,10,39,68
SKU0253,WH05,7,50,96
SKU0254,WH05,5,115,242
SKU0255,WH05,3,44,104
SKU0256,WH05,3,129,305
SKU0257,WH05,5,23,48
SKU0258,WH05,7,21,39
SKU0259,WH05,7,473,905
SKU0260,WH05,5,259,542
SKU0261,WH05,5,45,94
SKU0262,WH05,14,217,343
SKU0263,WH05,5,287,602
SKU0264,WH05,7,201,384
SKU0265,WH05,7,157,301
SKU0266,WH05,3,246,583
SKU0267,WH05,14,113,178
SKU0268,WH05,5,118,248
SKU0269,WH05,10,169,293
SKU0270,WH05,7,108,206
SKU0271,WH05,10,121,210
SKU0272,WH05,10,184,318
SKU0273,WH05,10,178,307
SKU0274,WH05,7,54,103
SKU0275,WH05,7,283,542
SKU0276,WH05,10,72,124
SKU0277,WH05,7,113,217
SKU0278,WH05,7,106,202
SKU0279,WH05,5,158,332
SKU0280,WH05,5,17,36
SKU0281,WH05,7,307,587
SKU0282,WH05,3,50,119
SKU0283,WH05,7,412,789
SKU0284,WH05,3,60,142
SKU0285,WH05,7,132,252
SKU0286,WH05,10,961,1666
SKU0287,WH05,7,107,206
SKU0288,WH05,10,524,908
SKU0289,WH05,3,95,226
SKU0290,WH05,3,134,316
SKU0291,WH05,10,183,317
SKU0292,WH05,10,369,639
SKU0293,WH05,10,93,161
SKU0294,WH05,10,71,123
SKU0295,WH05,10,97,168
SKU0296,WH05,10,188,326
SKU0297,WH05,10,141,244
SKU0298,WH05,10,326,564
SKU0299,WH05,3,297,704
SKU0300,WH05,3,39,91
SKU0301,WH05,7,71,136
SKU0302,WH05,7,38,73
SKU0303,WH05,10,1068,1850
SKU0304,WH05,7,181,347
SKU0305,WH05,5,177,371
SKU0306,WH05,10,52,90
SKU0307,WH05,5,115,241
SKU0308,WH05,10,272,471
SKU0309,WH05,5,92,192
SKU0310,WH05,7,362,693
SKU0311,WH05,7,1100,2108
SKU0312,WH05,5,49,103
SKU0313,WH05,3,37,87
SKU0314,WH05,5,52,110
SKU0315,WH05,7,583,1117
SKU0316,WH05,7,351,673
SKU0317,WH05,10,152,264
SKU0318,WH05,3,95,225
SKU0319,WH05,7,66,127
SKU0320,WH05,3,204,485
SKU0321,WH05,14,155,244
SKU0322,WH05,10,136,236
SKU0323,WH05,14,376,594
SKU0324,WH05,14,184,290
SKU0325,WH05,7,112,213
SKU0326,WH05,10,174,301
SKU0327,WH05,7,281,539
SKU0328,WH05,10,756,1310
SKU0329,WH05,7,233,446
SKU0330,WH05,7,283,543
SKU0331,WH05,14,182,287
SKU0332,WH05,10,91,158
SKU0333,WH05,14,392,619
SKU0334,WH05,3,107,254
SKU0335,WH05,5,32,67
SKU0336,WH05,7,103,196
SKU0337,WH05,7,128,245
SKU0338,WH05,7,87,167
SKU0339,WH05,5,435,912
SKU0340,WH05,10,265,459
SKU0341,WH05,5,394,827
SKU0342,WH05,10,218,378
SKU0343,WH05,10,185,321
SKU0344,WH05,7,60,114
SKU0345,WH05,7,139,266
SKU0346,WH05,5,116,244
SKU0347,WH05,5,34,71
SKU0348,WH05,10,106,184
SKU0349,WH05,7,103,197
SKU0350,WH05,3,133,316
SKU0351,WH05,14,330,520
SKU0352,WH05,10,102,177
SKU0353,WH05,10,262,454
SKU0354,WH05,7,117,224
SKU0355,WH05,14,17,26
SKU0356,WH05,5,74,156
SKU0357,WH05,5,303,635
SKU0358,WH05,10,38,66
SKU0359,WH05,10,190,330
SKU0360,WH05,7,572,1097
SKU0361,WH05,5,58,122
SKU0362,WH05,7,138,264
SKU0363,WH05,10,54,92
SKU0364,WH05,10,743,1287
SKU0365,WH05,7,128,245
SKU0366,WH05,3,96,227
SKU0367,WH05,10,581,1007
SKU0368,WH05,10,312,540
SKU0369,WH05,7,63,120
SKU0370,WH05,7,77,147
SKU0371,WH05,14,340,536
SKU0372,WH05,5,66,138
SKU0373,WH05,7,21,40
SKU0374,WH05,7,131,251
SKU0375,WH05,7,37,70
SKU0376,WH05,10,736,1275
SKU0377,WH05,7,161,309
SKU0378,WH05,7,61,117
SKU0379,WH05,5,62,129
SKU0380,WH05,10,32,55
SKU0381,WH05,5,43,90
SKU0382,WH05,3,229,543
SKU0383,WH05,7,1024,1962
SKU0384,WH05,7,264,506
SKU0385,WH05,14,201,316
SKU0386,WH05,10,117,202
SKU0387,WH05,10,73,126
SKU0388,WH05,7,877,1680
SKU0389,WH05,7,116,223
SKU0390,WH05,14,1460,2305
SKU0391,WH05,7,482,923
SKU0392,WH05,10,36,63
SKU0393,WH05,7,76,145
SKU0394,WH05,5,63,132
SKU0395,WH05,7,128,245
SKU0396,WH05,5,109,228
SKU0397,WH05,3,1358,3224
SKU0398,WH05,5,44,92
SKU0399,WH05,5,141,296
SKU0400,WH05,7,240,459
SKU0401,WH05,10,172,298
SKU0402,WH05,7,152,291
SKU0403,WH05,10,68,117
SKU0404,WH05,7,152,290
SKU0405,WH05,3,146,345
SKU0406,WH05,5,154,323
SKU0407,WH05,14,364,574
SKU0408,WH05,7,490,939
SKU0409,WH05,14,506,798
SKU0410,WH05,7,147,281
SKU0411,WH05,10,60,104
SKU0412,WH05,10,101,174
SKU0413,WH05,14,179,282
SKU0414,WH05,3,115,273
SKU0415,WH05,14,142,224
SKU0416,WH05,7,60,114
SKU0417,WH05,10,59,103
SKU0418,WH05,7,32,60
SKU0419,WH05,7,112,213
SKU0420,WH05,7,37,71
SKU0421,WH05,10,70,121
SKU0422,WH05,5,81,169
SKU0423,WH05,7,42,80
SKU0424,WH05,7,194,371
SKU0425,WH05,10,335,580
SKU0426,WH05,7,84,161
SKU0427,WH05,10,116,201
SKU0428,WH05,7,223,427
SKU0429,WH05,10,91,157
SKU0430,WH05,10,85,148
SKU0431,WH05,10,504,874
SKU0432,WH05,10,381,660
SKU0433,WH05,7,236,453
SKU0434,WH05,5,264,553
SKU0435,WH05,10,29,51
SKU0436,WH05,3,310,736
SKU0437,WH05,5,163,342
SKU0438,WH05,10,427,739
SKU0439,WH05,7,195,373
SKU0440,WH05,7,144,275
SKU0441,WH05,14,170,268
SKU0442,WH05,5,160,335
SKU0443,WH05,3,70,165
SKU0444,WH05,5,250,525
SKU0445,WH05,5,28,58
SKU0446,WH05,10,106,183
SKU0447,WH05,10,1081,1874
SKU0448,WH05,7,79,150
SKU0449,WH05,5,93,194
SKU0450,WH05,7,63,119
SKU0451,WH05,3,124,295
SKU0452,WH05,10,89,154
SKU0453,WH05,7,117,223
SKU0454,WH05,3,197,467
SKU0455,WH05,10,92,159
SKU0456,WH05,10,349,605
SKU0457,WH05,7,288,552
SKU0458,WH05,7,355,681
SKU0459,WH05,7,156,299
SKU0460,WH05,5,2116,4443
SKU0461,WH05,5,296,621
SKU0462,WH05,10,230,399
SKU0463,WH05,14,99,157
SKU0464,WH05,7,126,242
SKU0465,WH05,7,496,950
SKU0466,WH05,7,640,1226
SKU0467,WH05,7,520,996
SKU0468,WH05,3,186,441
SKU0469,WH05,7,45,85
SKU0470,WH05,14,338,533
SKU0471,WH05,10,57,98
SKU0472,WH05,14,57,90
SKU0473,WH05,5,142,298
SKU0474,WH05,7,220,422
SKU0475,WH05,7,310,594
SKU0476,WH05,5,179,376
SKU0477,WH05,5,185,388
SKU0478,WH05,10,71,123
SKU0479,WH05,10,157,271
SKU0480,WH05,7,36,68
SKU0481,WH05,5,19,40
SKU0482,WH05,7,268,513
SKU0483,WH05,3,47,111
SKU0484,WH05,5,251,527
SKU0485,WH05,7,373,714
SKU0486,WH05,7,79,151
SKU0487,WH05,14,370,584
SKU0488,WH05,7,76,146
SKU0489,WH05,5,22,46
SKU0490,WH05,3,103,243
SKU0491,WH05,10,113,195
SKU0492,WH05,5,77,162
SKU0493,WH05,5,677,1422
SKU0494,WH05,7,35,67
SKU0495,WH05,5,162,340
SKU0496,WH05,7,190,108
SKU0497,WH05,7,311,596
SKU0498,WH05,5,150,315
SKU0499,WH05,10,242,419
SKU0500,WH05,7,59,113
SKU0501,WH05,7,69,133
SKU0502,WH05,3,211,501
SKU0503,WH05,7,676,1296
SKU0504,WH05,5,177,371
SKU0505,WH05,7,62,118
SKU0506,WH05,5,156,326
SKU0507,WH05,14,1933,3051
SKU0508,WH05,5,126,264
SKU0509,WH05,14,811,1280
SKU0510,WH05,14,112,177
SKU0511,WH05,7,133,254
SKU0512,WH05,7,240,460
SKU0513,WH05,7,197,377
SKU0514,WH05,14,110,173
SKU0515,WH05,7,67,127
SKU0516,WH05,7,335,641
SKU0517,WH05,3,268,636
SKU0518,WH05,10,670,1161
SKU0519,WH05,5,581,1219
SKU0520,WH05,3,104,246
SKU0521,WH05,5,87,182
SKU0522,WH05,7,464,888
SKU0523,WH05,10,327,566
SKU0524,WH05,10,71,123
SKU0525,WH05,5,46,95
SKU0526,WH05,7,214,410
SKU0527,WH05,10,147,254
SKU0528,WH05,7,135,257
SKU0529,WH05,5,301,631
SKU0530,WH05,7,272,522
SKU0531,WH05,7,455,871
SKU0532,WH05,14,39,61
SKU0533,WH05,10,216,374
SKU0534,WH05,3,172,407
SKU0535,WH05,10,44,76
SKU0536,WH05,5,64,134
SKU0537,WH05,10,81,140
SKU0538,WH05,7,141,269
SKU0539,WH05,5,496,1040
SKU0540,WH05,7,848,1625
SKU0541,WH05,5,55,116
SKU0542,WH05,5,184,386
SKU0543,WH05,7,228,436
SKU0544,WH05,10,244,422
SKU0545,WH05,10,246,426
SKU0546,WH05,7,181,346
SKU0547,WH05,3,419,993
SKU0548,WH05,7,371,710
SKU0549,WH05,7,53,102
SKU0550,WH05,5,235,492
SKU0551,WH05,10,384,665
SKU0552,WH05,14,289,456
SKU0553,WH05,3,254,602
SKU0554,WH05,10,204,353
SKU0555,WH05,7,165,316
SKU0556,WH05,5,128,268
SKU0557,WH05,7,23,43
SKU0558,WH05,5,107,224
SKU0559,WH05,3,51,120
SKU0560,WH05,14,75,118
SKU0561,WH05,7,500,957
SKU0562,WH05,5,181,379
SKU0563,WH05,7,134,257
SKU0564,WH05,14,131,207
SKU0565,WH05,7,180,344
SKU0566,WH05,14,531,838
SKU0567,WH05,10,82,142
SKU0568,WH05,7,137,263
SKU0569,WH05,10,375,650
SKU0570,WH05,10,31,53
SKU0571,WH05,10,163,283
SKU0572,WH05,7,94,179
SKU0573,WH05,3,82,193
SKU0574,WH05,5,73,153
SKU0575,WH05,7,156,298
SKU0576,WH05,10,970,1681
SKU0577,WH05,10,129,223
SKU0578,WH05,7,179,343
SKU0579,WH05,5,689,1447
SKU0580,WH05,3,56,133
SKU0581,WH05,10,879,1524
SKU0582,WH05,7,138,265
SKU0583,WH05,10,854,1479
SKU0584,WH05,5,225,472
SKU0585,WH05,7,182,347
SKU0586,WH05,14,205,324
SKU0587,WH05,5,66,138
SKU0588,WH05,3,98,233
SKU0589,WH05,10,385,668
SKU0590,WH05,7,136,261
SKU0591,WH05,14,164,259
SKU0592,WH05,14,174,274
SKU0593,WH05,10,420,727
SKU0594,WH05,3,276,655
SKU0595,WH05,7,76,145
SKU0596,WH05,10,95,163
SKU0597,WH05,7,194,371
SKU0598,WH05,14,860,1358
SKU0599,WH05,10,482,835
SKU0600,WH05,5,38,78
SKU0601,WH05,7,109,208
SKU0602,WH05,10,75,129
SKU0603,WH05,3,72,171
SKU0604,WH05,7,582,1116
SKU0605,WH05,10,48,83
SKU0606,WH05,5,27,56
SKU0607,WH05,7,66,125
SKU0608,WH05,10,223,386
SKU0609,WH05,10,301,521
SKU0610,WH05,7,204,391
SKU0611,WH05,14,627,989
SKU0612,WH05,14,45,71
SKU0613,WH05,7,401,767
SKU0614,WH05,5,87,182
SKU0615,WH05,10,332,575
SKU0616,WH05,5,35,74
SKU0617,WH05,10,173,299
SKU0618,WH05,7,170,326
SKU0619,WH05,7,389,745
SKU0620,WH05,7,33,64
SKU0621,WH05,7,142,271
SKU0622,WH05,14,82,130
SKU0623,WH05,5,181,379
SKU0624,WH05,14,438,691
SKU0625,WH05,3,292,693
SKU0626,WH05,10,107,184
SKU0627,WH05,14,501,791
SKU0628,WH05,7,468,896
SKU0629,WH05,3,21,50
SKU0630,WH05,10,298,517
SKU0631,WH05,10,407,705
SKU0632,WH05,7,109,209
SKU0633,WH05,7,47,89
SKU0634,WH05,10,401,696
SKU0635,WH05,5,39,82
SKU0636,WH05,7,117,225
SKU0637,WH05,7,133,254
SKU0638,WH05,5,218,458
SKU0639,WH05,10,98,170
SKU0640,WH05,7,75,143
SKU0641,WH05,14,238,376
SKU0642,WH05,7,340,651
SKU0643,WH05,7,1076,2063
SKU0644,WH05,7,36,68
SKU0645,WH05,7,183,350
SKU0646,WH05,10,65,112
SKU0647,WH05,10,430,745
SKU0648,WH05,10,74,128
SKU0649,WH05,7,75,144
SKU0650,WH05,5,68,142
SKU0651,WH05,5,107,225
SKU0652,WH05,10,230,398
SKU0653,WH05,7,213,407
SKU0654,WH05,7,137,262
SKU0655,WH05,7,42,80
SKU0656,WH05,7,265,507
SKU0657,WH05,10,164,284
SKU0658,WH05,7,391,749
SKU0659,WH05,14,115,182
SKU0660,WH05,5,28,57
SKU0661,WH05,7,134,256
SKU0662,WH05,3,294,698
SKU0663,WH05,10,199,344
SKU0664,WH05,7,115,220
SKU0665,WH05,7,63,121
SKU0666,WH05,10,835,1448
SKU0667,WH05,7,55,105
SKU0668,WH05,5,60,126
SKU0669,WH05,7,230,440
SKU0670,WH05,3,18,41
SKU0671,WH05,10,541,937
SKU0672,WH05,10,301,522
SKU0673,WH05,10,386,669
SKU0674,WH05,10,284,492
SKU0675,WH05,10,149,258
SKU0676,WH05,7,53,102
SKU0677,WH05,5,101,212
SKU0678,WH05,7,58,110
SKU0679,WH05,14,337,532
SKU0680,WH05,14,450,710
SKU0681,WH05,10,649,1124
SKU0682,WH05,5,160,336
SKU0683,WH05,5,263,553
SKU0684,WH05,10,132,228
SKU0685,WH05,5,75,157
SKU0686,WH05,7,211,404
SKU0687,WH05,7,97,186
SKU0688,WH05,7,175,336
SKU0689,WH05,10,67,115
SKU0690,WH05,14,99,156
SKU0691,WH05,10,305,528
SKU0692,WH05,7,305,585
SKU0693,WH05,7,57,109
SKU0694,WH05,14,398,628
SKU0695,WH05,7,86,163
SKU0696,WH05,7,140,268
SKU0697,WH05,10,615,1065
SKU0698,WH05,5,237,497
SKU0699,WH05,3,188,445
SKU0700,WH05,10,957,1658
SKU0701,WH05,7,73,140
SKU0702,WH05,5,48,99
SKU0703,WH05,5,60,126
SKU0704,WH05,14,173,273
SKU0705,WH05,7,17,32
SKU0706,WH05,7,114,219
SKU0707,WH05,3,57,134
SKU0708,WH05,14,441,695
SKU0709,WH05,10,236,409
SKU0710,WH05,7,80,154
SKU0711,WH05,7,234,448
SKU0712,WH05,10,330,571
SKU0713,WH05,10,86,149
SKU0714,WH05,10,111,191
SKU0715,WH05,14,30,47
SKU0716,WH05,7,52,99
SKU0717,WH05,7,71,135
SKU0718,WH05,7,147,282
SKU0719,WH05,10,74,128
SKU0720,WH05,5,73,152
SKU0721,WH05,5,38,80
SKU0722,WH05,10,201,348
SKU0723,WH05,7,202,387
SKU0724,WH05,10,247,428
SKU0725,WH05,5,116,243
SKU0726,WH05,7,35,66
SKU0727,WH05,5,66,138
SKU0728,WH05,10,119,207
SKU0729,WH05,10,120,207
SKU0730,WH05,7,147,282
SKU0731,WH05,7,496,950
SKU0732,WH05,5,238,500
SKU0733,WH05,10,71,123
SKU0734,WH05,14,401,633
SKU0735,WH05,10,306,530
SKU0736,WH05,5,56,117
SKU0737,WH05,7,295,565
SKU0738,WH05,5,100,208
SKU0739,WH05,3,26,62
SKU0740,WH05,5,173,362
SKU0741,WH05,5,140,293
SKU0742,WH05,5,94,196
SKU0743,WH05,10,166,288
SKU0744,WH05,5,60,126
SKU0745,WH05,10,298,516
SKU0746,WH05,14,425,331
SKU0747,WH05,7,160,306
SKU0748,WH05,7,190,363
SKU0749,WH05,10,61,106
SKU0750,WH05,5,52,108
SKU0751,WH05,7,19,37
SKU0752,WH05,7,229,438
SKU0753,WH05,10,58,100
SKU0754,WH05,10,194,336
SKU0755,WH05,10,240,416
SKU0756,WH05,10,296,512
SKU0757,WH05,7,47,90
SKU0758,WH05,10,162,281
SKU0759,WH05,10,772,1338
SKU0760,WH05,7,643,1232
SKU0761,WH05,14,529,835
SKU0762,WH05,10,233,404
SKU0763,WH05,7,56,107
SKU0764,WH05,3,175,416
SKU0765,WH05,5,100,209
SKU0766,WH05,10,285,493
SKU0767,WH05,5,65,136
SKU0768,WH05,7,118,226
SKU0769,WH05,7,160,306
SKU0770,WH05,10,215,372
SKU0771,WH05,10,268,464
SKU0772,WH05,10,102,177
SKU0773,WH05,7,41,79
SKU0774,WH05,5,494,1037
SKU0775,WH05,10,1613,2796
SKU0776,WH05,5,172,360
SKU0777,WH05,7,42,80
SKU0778,WH05,14,109,172
SKU0779,WH05,7,218,417
SKU0780,WH05,7,460,880
SKU0781,WH05,10,58,100
SKU0782,WH05,10,154,266
SKU0783,WH05,7,164,314
SKU0784,WH05,7,299,573
SKU0785,WH05,5,84,177
SKU0786,WH05,7,34,65
SKU0787,WH05,5,201,421
SKU0788,WH05,7,378,725
SKU0789,WH05,10,160,277
SKU0790,WH05,3,132,314
SKU0791,WH05,7,90,172
SKU0792,WH05,5,54,113
SKU0793,WH05,5,289,606
SKU0794,WH05,3,130,309
SKU0795,WH05,5,178,374
SKU0796,WH05,14,841,1327
SKU0797,WH05,14,85,133
SKU0798,WH05,10,105,182
SKU0799,WH05,7,159,304
SKU0800,WH05,10,104,180
SKU0801,WH05,10,348,602
SKU0802,WH05,7,116,223
SKU0803,WH05,3,38,89
SKU0804,WH05,10,183,316
SKU0805,WH05,14,254,401
SKU0806,WH05,5,266,558
SKU0807,WH05,7,196,375
SKU0808,WH05,7,208,399
SKU0809,WH05,7,184,352
SKU0810,WH05,10,145,252
SKU0811,WH05,7,73,139
SKU0812,WH05,14,282,446
SKU0813,WH05,10,128,221
SKU0814,WH05,3,419,995
SKU0815,WH05,10,575,996
SKU0816,WH05,10,304,526
SKU0817,WH05,7,194,370
SKU0818,WH05,7,127,244
SKU0819,WH05,10,56,96
SKU0820,WH05,7,114,217
SKU0821,WH05,5,126,264
SKU0822,WH05,7,169,324
SKU0823,WH05,5,175,367
SKU0824,WH05,10,394,682
SKU0825,WH05,5,62,129
SKU0826,WH05,7,75,143
SKU0827,WH05,7,507,972
SKU0828,WH05,10,344,596
SKU0829,WH05,7,97,186
SKU0830,WH05,14,198,312
SKU0831,WH05,14,199,313
SKU0832,WH05,5,118,248
SKU0833,WH05,10,263,456
SKU0834,WH05,5,1121,2353
SKU0835,WH05,10,204,353
SKU0836,WH05,7,494,478
SKU0837,WH05,5,26,53
SKU0838,WH05,5,74,156
SKU0839,WH05,7,415,796
SKU0840,WH05,10,247,428
SKU0841,WH05,10,4,6
SKU0842,WH05,3,168,399
SKU0843,WH05,7,772,1479
SKU0844,WH05,7,23,44
SKU0845,WH05,7,539,1033
SKU0846,WH05,5,10,20
SKU0847,WH05,7,320,613
SKU0848,WH05,10,171,296
SKU0849,WH05,7,17,32
SKU0850,WH05,10,257,445
SKU0851,WH05,7,387,742
SKU0852,WH05,7,191,366
SKU0853,WH05,7,233,446
SKU0854,WH05,5,79,166
SKU0855,WH05,5,22,45
SKU0856,WH05,14,406,640
SKU0857,WH05,10,829,1437
SKU0858,WH05,10,475,823
SKU0859,WH05,5,20,41
SKU0860,WH05,3,24,56
SKU0861,WH05,5,54,113
SKU0862,WH05,14,52,82
SKU0863,WH05,10,179,310
SKU0864,WH05,7,196,375
SKU0865,WH05,14,61,95
SKU0866,WH05,5,231,484
SKU0867,WH05,7,236,453
SKU0868,WH05,5,70,147
SKU0869,WH05,7,118,226
SKU0870,WH05,14,38,60
SKU0871,WH05,10,128,221
SKU0872,WH05,5,116,242
SKU0873,WH05,5,134,280
SKU0874,WH05,7,194,371
SKU0875,WH05,3,115,271
SKU0876,WH05,7,109,208
SKU0877,WH05,7,178,341
SKU0878,WH05,5,282,593
SKU0879,WH05,5,105,221
SKU0880,WH05,5,153,320
SKU0881,WH05,14,184,291
SKU0882,WH05,7,77,148
SKU0883,WH05,7,220,422
SKU0884,WH05,7,84,160
SKU0885,WH05,10,243,422
SKU0886,WH05,5,118,247
SKU0887,WH05,3,70,166
SKU0888,WH05,10,128,222
SKU0889,WH05,10,109,189
SKU0890,WH05,5,27,55
SKU0891,WH05,7,194,372
SKU0892,WH05,14,268,423
SKU0893,WH05,5,246,517
SKU0894,WH05,5,71,149
SKU0895,WH05,7,756,1449
SKU0896,WH05,5,82,171
SKU0897,WH05,7,63,120
SKU0898,WH05,10,71,122
SKU0899,WH05,7,29,56
SKU0900,WH05,7,546,1046
SKU0901,WH05,7,472,904
SKU0902,WH05,10,295,511
SKU0903,WH05,3,41,98
SKU0904,WH05,7,701,1344
SKU0905,WH05,10,126,217
SKU0906,WH05,7,108,207
SKU0907,WH05,3,334,793
SKU0908,WH05,7,249,477
SKU0909,WH05,10,1245,2157
SKU0910,WH05,5,144,301
SKU0911,WH05,10,121,209
SKU0912,WH05,10,99,172
SKU0913,WH05,7,27,50
SKU0914,WH05,5,90,187
SKU0915,WH05,10,481,834
SKU0916,WH05,5,197,412
SKU0917,WH05,14,222,350
SKU0918,WH05,10,71,122
SKU0919,WH05,3,113,267
SKU0920,WH05,10,428,741
SKU0921,WH05,7,203,388
SKU0922,WH05,7,160,306
SKU0923,WH05,7,68,129
SKU0924,WH05,7,300,575
SKU0925,WH05,10,11,18
SKU0926,WH05,10,243,420
SKU0927,WH05,5,1157,2429
SKU0928,WH05,7,36,68
SKU0929,WH05,10,139,240
SKU0930,WH05,10,171,296
SKU0931,WH05,7,91,174
SKU0932,WH05,7,349,669
SKU0933,WH05,10,263,456
SKU0934,WH05,7,158,302
SKU0935,WH05,5,235,493
SKU0936,WH05,7,140,268
SKU0937,WH05,5,2002,4204
SKU0938,WH05,3,105,250
SKU0939,WH05,3,110,260
SKU0940,WH05,10,37,64
SKU0941,WH05,14,134,211
SKU0942,WH05,7,386,740
SKU0943,WH05,5,35,73
SKU0944,WH05,10,25,43
SKU0945,WH05,5,118,248
SKU0946,WH05,14,747,1179
SKU0947,WH05,7,143,274
SKU0948,WH05,5,85,178
SKU0949,WH05,7,26,50
SKU0950,WH05,7,207,396
SKU0951,WH05,10,312,540
SKU0952,WH05,5,24,49
SKU0953,WH05,10,477,826
SKU0954,WH05,10,342,593
SKU0955,WH05,10,476,825
SKU0956,WH05,10,291,503
SKU0957,WH05,5,207,433
SKU0958,WH05,7,220,421
SKU0959,WH05,10,375,650
SKU0960,WH05,7,27,52
SKU0961,WH05,3,24,57
SKU0962,WH05,5,59,124
SKU0963,WH05,5,102,214
SKU0964,WH05,10,244,422
SKU0965,WH05,7,184,353
SKU0966,WH05,10,470,813
SKU0967,WH05,14,612,965
SKU0968,WH05,5,53,110
SKU0969,WH05,10,213,369
SKU0970,WH05,3,43,102
SKU0971,WH05,5,97,203
SKU0972,WH05,5,153,321
SKU0973,WH05,7,7,13
SKU0974,WH05,7,1203,2306
SKU0975,WH05,7,229,439
SKU0976,WH05,5,67,141
SKU0977,WH05,3,519,1232
SKU0978,WH05,10,126,218
SKU0979,WH05,3,104,245
SKU0980,WH05,10,111,192
SKU0981,WH05,14,962,1519
SKU0982,WH05,10,157,271
SKU0983,WH05,7,348,302
SKU0984,WH05,10,508,879
SKU0985,WH05,10,291,504
SKU0986,WH05,14,208,327
SKU0987,WH05,14,591,933
SKU0988,WH05,7,1349,2585
SKU0989,WH05,7,183,351
SKU0990,WH05,10,191,331
SKU0991,WH05,3,107,254
SKU0992,WH05,7,447,856
SKU0993,WH05,10,101,174
SKU0994,WH05,10,134,232
SKU0995,WH05,7,35,66
SKU0996,WH05,5,40,83
SKU0997,WH05,5,72,151
SKU0998,WH05,7,131,251
SKU0999,WH05,14,1069,1687
SKU1000,WH05,10,279,482
